date,spot chart,spot %age,lumpSum,%age Lumpsum,1% Dip,amount for 1% dip,%age 1% Dip,2% Dip,amount for 2% dip,%age 2% dip,2k for -2% & 1k for -1%,amount -2% || -1% dip,%age for -2% and -1% dip,when to invest 2k,2k sip,amount for 2k sip,%age for sip
1/1/2020,12182.5,0,1000,1,1000,1000,1,1000,1000,1,1000,1000,1,TRUE,2000,2000,1
1/2/2020,12282.2,0.818,1008.18,0.82%,1008.2,1000,0.82%,1008.18387,1000,0.82%,1008.18387,1000,0.82%,FALSE,2016.36,2000,0.82%
1/3/2020,12226.65,-0.452,1003.62,0.36%,1003.6,1000,0.36%,1003.624051,1000,0.36%,1003.624051,1000,0.36%,FALSE,2007.246053,2000,0.36%
1/6/2020,11993.05,-1.911,984.45,-1.56%,1984.4,2000,-0.78%,984.4490047,1000,-1.56%,1984.449005,2000,-0.78%,FALSE,1968.887581,2000,-1.56%
1/7/2020,12052.95,0.499,989.37,-1.06%,1994.4,2000,-0.28%,989.3658937,1000,-1.06%,1994.360453,2000,-0.28%,FALSE,1978.71233,2000,-1.06%
1/8/2020,12025.35,-0.229,987.1,-1.29%,1989.8,2000,-0.51%,987.1003489,1000,-1.29%,1989.793575,2000,-0.51%,FALSE,1974.181079,2000,-1.29%
1/9/2020,12215.9,1.585,1002.74,0.27%,2021.3,2000,1.07%,1002.741638,1000,0.27%,2021.323233,2000,1.07%,FALSE,2005.471849,2000,0.27%
1/10/2020,12256.8,0.335,1006.1,0.61%,2028.1,2000,1.41%,1006.098912,1000,0.61%,2028.090816,2000,1.40%,FALSE,2012.190179,2000,0.61%
1/13/2020,12329.55,0.594,1012.07,1.21%,2040.1,2000,2.01%,1012.070593,1000,1.21%,2040.12851,2000,2.01%,FALSE,2024.142589,2000,1.21%
1/14/2020,12362.3,0.266,1014.76,1.48%,2045.5,2000,2.28%,1014.758875,1000,1.48%,2045.547541,2000,2.28%,FALSE,2029.526808,2000,1.48%
1/15/2020,12343.3,-0.154,1013.2,1.32%,2042.4,2000,2.12%,1013.199261,1000,1.32%,2042.403675,2000,2.12%,FALSE,2026.401337,2000,1.32%
1/16/2020,12355.5,0.099,1014.2,1.42%,2044.4,2000,2.22%,1014.200698,1000,1.42%,2044.422368,2000,2.22%,FALSE,2028.407474,2000,1.42%
1/17/2020,12352.35,-0.025,1013.94,1.39%,2043.9,2000,2.20%,1013.94213,1000,1.39%,2043.901148,2000,2.20%,FALSE,2027.900372,2000,1.40%
1/20/2020,12224.55,-1.035,1003.45,0.35%,3022.8,3000,0.76%,1003.451672,1000,0.35%,3022.754519,3000,0.76%,FALSE,2006.911604,2000,0.35%
1/21/2020,12169.85,-0.447,998.96,-0.10%,3009.2,3000,0.31%,998.9616253,1000,-0.10%,3009.228894,3000,0.31%,FALSE,1997.940709,2000,-0.10%
1/22/2020,12106.9,-0.517,993.79,-0.62%,2993.7,3000,-0.21%,993.7943772,1000,-0.62%,2993.663299,3000,-0.21%,FALSE,1987.611355,2000,-0.62%
1/23/2020,12180.35,0.607,999.82,-0.02%,3011.8,3000,0.39%,999.8235173,1000,-0.02%,3011.825221,3000,0.39%,FALSE,1999.676156,2000,-0.02%
1/24/2020,12248.25,0.557,1005.4,0.54%,3028.6,3000,0.95%,1005.397086,1000,0.54%,3028.614798,3000,0.95%,FALSE,2010.814352,2000,0.54%
1/27/2020,12119,-1.055,994.79,-0.52%,3996.7,4000,-0.08%,994.7876052,1000,-0.52%,3996.655256,4000,-0.08%,FALSE,1989.600261,2000,-0.52%
1/28/2020,12055.8,-0.521,989.6,-1.04%,3975.8,4000,-0.60%,989.5998358,1000,-1.04%,3975.812892,4000,-0.60%,FALSE,1979.234444,2000,-1.04%
1/29/2020,12129.5,0.611,995.65,-0.44%,4000.1,4000,0.00%,995.6494972,1000,-0.44%,4000.117991,4000,0.00%,FALSE,1991.327566,2000,-0.43%
1/30/2020,12035.8,-0.772,987.96,-1.20%,3969.2,4000,-0.77%,987.9581367,1000,-1.20%,3969.217207,4000,-0.77%,FALSE,1975.954517,2000,-1.20%
1/31/2020,11962.1,-0.612,981.91,-1.81%,3944.9,4000,-1.38%,981.9084753,1000,-1.81%,3944.912108,4000,-1.38%,FALSE,1963.861676,2000,-1.81%
2/1/2020,11661.85,-2.51,957.26,-4.27%,4845.9,5000,-3.08%,2957.262467,3000,-1.42%,5845.894389,6000,-2.57%,TRUE,3914.568748,4000,-2.14%
2/3/2020,11707.9,0.395,961.04,-3.90%,4865,5000,-2.70%,2968.940025,3000,-1.04%,5868.9785,6000,-2.18%,FALSE,3930.031294,4000,-1.75%
2/4/2020,11979.65,2.321,983.35,-1.67%,4978,5000,-0.44%,3037.851568,3000,1.26%,6005.202324,6000,0.09%,FALSE,4021.24732,4000,0.53%
2/5/2020,12089.15,0.914,992.34,-0.77%,5023.5,5000,0.47%,3065.619053,3000,2.19%,6060.09288,6000,1.00%,FALSE,4058.001521,4000,1.45%
2/6/2020,12137.95,0.404,996.34,-0.37%,5043.7,5000,0.87%,3077.993968,3000,2.60%,6084.555521,6000,1.41%,FALSE,4074.395847,4000,1.86%
2/7/2020,12098.35,-0.326,993.09,-0.69%,5027.3,5000,0.55%,3067.952028,3000,2.27%,6064.704689,6000,1.08%,FALSE,4061.113317,4000,1.53%
2/10/2020,12031.5,-0.553,987.61,-1.24%,4999.5,5000,-0.01%,3050.999916,3000,1.70%,6031.193879,6000,0.52%,FALSE,4038.65536,4000,0.97%
2/11/2020,12107.9,0.635,993.88,-0.61%,5031.2,5000,0.62%,3070.373759,3000,2.35%,6069.491948,6000,1.16%,FALSE,4064.300821,4000,1.61%
2/12/2020,12201.2,0.771,1001.53,0.15%,5070,5000,1.40%,3094.033177,3000,3.13%,6116.26171,6000,1.94%,FALSE,4095.636581,4000,2.39%
2/13/2020,12174.65,-0.218,999.36,-0.06%,5059,5000,1.18%,3087.300513,3000,2.91%,6102.95263,6000,1.72%,FALSE,4086.708093,4000,2.17%
2/14/2020,12113.45,-0.503,994.33,-0.57%,5033.5,5000,0.67%,3071.781152,3000,2.39%,6072.274072,6000,1.20%,FALSE,4066.151951,4000,1.65%
2/17/2020,12045.8,-0.558,988.78,-1.12%,5005.4,5000,0.11%,3054.626172,3000,1.82%,6038.362235,6000,0.64%,FALSE,4043.462823,4000,1.09%
2/18/2020,11992.5,-0.442,984.4,-1.56%,4983.3,5000,-0.33%,3041.110127,3000,1.37%,6011.643818,6000,0.19%,FALSE,4025.590718,4000,0.64%
2/19/2020,12125.9,1.112,995.35,-0.46%,5038.7,5000,0.77%,3074.938277,3000,2.50%,6078.515053,6000,1.31%,FALSE,4070.355287,4000,1.76%
2/20/2020,12080.85,-0.372,991.66,-0.83%,5020,5000,0.40%,3063.514303,3000,2.12%,6055.932226,6000,0.93%,FALSE,4055.213565,4000,1.38%
2/24/2020,11829.4,-2.081,971.02,-2.90%,5915.5,6000,-1.41%,4999.750522,5000,0.00%,7929.88446,8000,-0.88%,FALSE,3970.824571,4000,-0.73%
2/25/2020,11797.9,-0.266,968.43,-3.16%,5899.8,6000,-1.67%,4986.436901,5000,-0.27%,7908.768312,8000,-1.14%,FALSE,3960.262177,4000,-0.99%
2/26/2020,11678.5,-1.012,958.63,-4.14%,6840.1,7000,-2.28%,4935.97194,5000,-1.28%,8828.728056,9000,-1.90%,FALSE,3920.184324,4000,-2.00%
2/27/2020,11633.3,-0.387,954.92,-4.51%,6813.6,7000,-2.66%,4916.867952,5000,-1.66%,8794.557699,9000,-2.28%,FALSE,3905.013211,4000,-2.37%
2/28/2020,11201.75,-3.71,919.5,-8.05%,7560.8,8000,-5.49%,6734.471352,7000,-3.79%,10468.31395,11000,-4.83%,FALSE,3760.137221,4000,-6.00%
3/2/2020,11132.75,-0.616,913.83,-8.62%,7514.3,8000,-6.07%,6692.98868,7000,-4.39%,10403.83174,11000,-5.42%,TRUE,5736.974775,6000,-4.38%
3/3/2020,11303.3,1.532,927.83,-7.22%,7629.4,8000,-4.63%,6795.523024,7000,-2.92%,10563.21495,11000,-3.97%,FALSE,5824.865229,6000,-2.92%
3/4/2020,11251,-0.463,923.54,-7.65%,7594.1,8000,-5.07%,6764.08036,7000,-3.37%,10514.3393,11000,-4.42%,FALSE,5797.896103,6000,-3.37%
3/5/2020,11269,0.16,925.02,-7.50%,7606.2,8000,-4.92%,6774.901927,7000,-3.22%,10531.16075,11000,-4.26%,FALSE,5807.172737,6000,-3.21%
3/6/2020,10989.45,-2.481,902.07,-9.79%,8417.5,9000,-6.47%,8606.836985,9000,-4.37%,12269.91432,13000,-5.62%,FALSE,5663.096781,6000,-5.62%
3/9/2020,10451.45,-4.896,857.91,-14.21%,9005.4,10000,-9.95%,10185.48029,11000,-7.40%,13669.22785,15000,-8.87%,FALSE,5385.831563,6000,-10.24%
3/11/2020,10458.4,0.066,858.48,-14.15%,9011.4,10000,-9.89%,10192.25343,11000,-7.34%,13678.31761,15000,-8.81%,FALSE,5389.386211,6000,-10.18%
3/12/2020,9590.15,-8.302,787.21,-21.28%,9263.3,11000,-15.79%,11346.09875,13000,-12.72%,14542.75201,17000,-14.45%,FALSE,4941.959368,6000,-17.63%
3/13/2020,9955.2,3.807,817.17,-18.28%,9615.9,11000,-12.58%,11777.98912,13000,-9.40%,15096.32329,17000,-11.20%,FALSE,5130.099761,6000,-14.50%
3/16/2020,9197.4,-7.612,754.97,-24.50%,9883.9,12000,-17.63%,12881.43655,15000,-14.12%,15947.17573,19000,-16.07%,FALSE,4739.596568,6000,-21.01%
3/17/2020,8967.05,-2.505,736.06,-26.39%,10636.4,13000,-18.18%,14558.8194,17000,-14.36%,17547.77678,21000,-16.44%,FALSE,4620.869673,6000,-22.99%
3/18/2020,8468.8,-5.556,695.16,-30.48%,11045.4,14000,-21.10%,15749.86531,19000,-17.11%,18572.74265,23000,-19.25%,FALSE,4364.134154,6000,-27.26%
3/19/2020,8263.45,-2.425,678.3,-32.17%,11777.6,15000,-21.48%,17367.9653,21000,-17.30%,20122.39399,25000,-19.51%,FALSE,4258.303901,6000,-29.03%
3/20/2020,8745.45,5.833,717.87,-28.21%,12464.5,15000,-16.90%,18381.02392,21000,-12.47%,21296.1161,25000,-14.82%,FALSE,4506.690768,6000,-24.89%
3/23/2020,7610.25,-12.98,624.69,-37.53%,11846.6,16000,-25.96%,17995.08171,23000,-21.76%,20531.78139,27000,-23.96%,FALSE,3921.722306,6000,-34.64%
3/24/2020,7801.05,2.507,640.35,-35.97%,12143.6,16000,-24.10%,18446.24449,23000,-19.80%,21046.54291,27000,-22.05%,FALSE,4020.039884,6000,-33.00%
3/25/2020,8317.85,6.625,682.77,-31.72%,12948.1,16000,-19.07%,19668.26193,23000,-14.49%,22440.8236,27000,-16.89%,FALSE,4286.367527,6000,-28.56%
3/26/2020,8641.45,3.89,709.33,-29.07%,13451.8,16000,-15.93%,20433.44158,23000,-11.16%,23313.86778,27000,-13.65%,FALSE,4453.107223,6000,-25.78%
3/27/2020,8660.25,0.218,710.88,-28.91%,13481.1,16000,-15.74%,20477.89578,23000,-10.97%,23364.58852,27000,-13.46%,FALSE,4462.814997,6000,-25.62%
3/30/2020,8281.1,-4.378,679.75,-32.03%,13890.9,17000,-18.29%,21581.36344,25000,-13.67%,24341.67535,29000,-16.06%,FALSE,4267.432957,6000,-28.88%
3/31/2020,8597.75,3.824,705.75,-29.43%,14422,17000,-15.16%,22406.58457,25000,-10.37%,25272.44439,29000,-12.85%,FALSE,4430.619593,6000,-26.16%
4/1/2020,8253.8,-4,677.51,-32.25%,14845.1,18000,-17.53%,23510.21695,27000,-12.93%,26261.42904,31000,-15.29%,TRUE,6253.394809,8000,-21.83%
4/3/2020,8083.8,-2.06,663.56,-33.64%,15539.3,19000,-18.21%,25025.98703,29000,-13.70%,27720.53358,33000,-16.00%,FALSE,6124.574876,8000,-23.44%
4/7/2020,8792.2,8.763,721.71,-27.83%,16901.1,19000,-11.05%,27219.06568,29000,-6.14%,30149.74088,33000,-8.64%,FALSE,6661.271372,8000,-16.73%
4/8/2020,8748.75,-0.494,718.14,-28.19%,16817.5,19000,-11.49%,27084.55232,29000,-6.60%,30000.74447,33000,-9.09%,FALSE,6628.364692,8000,-17.15%
4/9/2020,9111.9,4.151,747.95,-25.21%,17515.6,19000,-7.81%,28208.79923,29000,-2.73%,31246.03898,33000,-5.32%,FALSE,6903.50811,8000,-13.71%
4/13/2020,8993.85,-1.296,738.26,-26.17%,18288.7,20000,-8.56%,27843.33772,29000,-3.99%,31841.22825,34000,-6.35%,FALSE,6814.038645,8000,-14.82%
4/15/2020,8925.3,-0.762,732.63,-26.74%,18149.3,20000,-9.25%,27631.11928,29000,-4.72%,31598.53839,34000,-7.06%,FALSE,6762.115671,8000,-15.47%
4/16/2020,8992.8,0.756,738.17,-26.18%,18286.6,20000,-8.57%,27840.08711,29000,-4.00%,31837.5109,34000,-6.36%,FALSE,6813.237265,8000,-14.83%
4/17/2020,9266.75,3.046,760.66,-23.93%,18843.6,20000,-5.78%,28688.18691,29000,-1.08%,32807.38526,34000,-3.51%,FALSE,7020.768472,8000,-12.24%
4/20/2020,9261.85,-0.053,760.26,-23.97%,18833.7,20000,-5.83%,28673.01739,29000,-1.13%,32790.03762,34000,-3.56%,FALSE,7017.047465,8000,-12.29%
4/21/2020,8981.45,-3.027,737.24,-26.28%,19263.5,21000,-8.27%,29804.94955,31000,-3.86%,33797.32812,36000,-6.12%,FALSE,6804.641438,8000,-14.94%
4/22/2020,9187.3,2.292,754.14,-24.59%,19705,21000,-6.17%,30488.06296,31000,-1.65%,34571.94469,36000,-3.97%,FALSE,6960.60382,8000,-12.99%
4/23/2020,9313.9,1.378,764.53,-23.55%,19976.5,21000,-4.87%,30908.18517,31000,-0.30%,35048.34234,36000,-2.64%,FALSE,7056.520941,8000,-11.79%
4/24/2020,9154.4,-1.712,751.44,-24.86%,20634.4,22000,-6.21%,30378.88428,31000,-2.00%,35448.1415,37000,-4.19%,FALSE,6935.713302,8000,-13.30%
4/27/2020,9282.3,1.397,761.94,-23.81%,20922.7,22000,-4.90%,30803.32054,31000,-0.63%,35943.4025,37000,-2.86%,FALSE,7032.605217,8000,-12.09%
4/28/2020,9380.9,1.062,770.03,-23.00%,21145,22000,-3.89%,31130.52472,31000,0.42%,36325.20653,37000,-1.82%,FALSE,7107.291484,8000,-11.16%
4/29/2020,9553.35,1.838,784.19,-21.58%,21533.7,22000,-2.12%,31702.8002,31000,2.27%,36992.97634,37000,-0.02%,FALSE,7237.923502,8000,-9.53%
4/30/2020,9859.9,3.209,809.35,-19.07%,22224.6,22000,1.02%,32720.08664,31000,5.55%,38180.01512,37000,3.19%,FALSE,7470.188467,8000,-6.62%
5/4/2020,9293.5,-5.744,762.86,-23.71%,21948,23000,-4.57%,32840.48775,33000,-0.48%,37986.77172,39000,-2.60%,TRUE,9041.100841,10000,-9.59%
5/5/2020,9205.6,-0.946,755.64,-24.44%,21740.4,23000,-5.48%,32529.87508,33000,-1.42%,37627.48435,39000,-3.52%,FALSE,8955.572027,10000,-10.44%
5/6/2020,9270.9,0.709,761,-23.90%,21894.6,23000,-4.81%,32760.62601,33000,-0.73%,37894.39522,39000,-2.83%,FALSE,9019.067033,10000,-9.81%
5/7/2020,9199.05,-0.775,755.1,-24.49%,21724.9,23000,-5.54%,32506.72931,33000,-1.49%,37600.71151,39000,-3.59%,FALSE,8949.169264,10000,-10.51%
5/8/2020,9251.5,0.57,759.41,-24.06%,21848.8,23000,-5.01%,32692.07214,33000,-0.93%,37815.09857,39000,-3.04%,FALSE,9000.179528,10000,-10.00%
5/11/2020,9239.2,-0.133,758.4,-24.16%,21819.7,23000,-5.13%,32648.60756,33000,-1.06%,37764.82287,39000,-3.17%,FALSE,8988.20929,10000,-10.12%
5/12/2020,9196.55,-0.462,754.9,-24.51%,21719,23000,-5.57%,32497.89504,33000,-1.52%,37590.49287,39000,-3.61%,FALSE,8946.683763,10000,-10.53%
5/13/2020,9383.55,2.033,770.25,-22.98%,22160.6,23000,-3.65%,33158.69789,33000,0.48%,38354.84713,39000,-1.65%,FALSE,9128.569844,10000,-8.71%
5/14/2020,9142.75,-2.566,750.48,-24.95%,22591.9,24000,-5.87%,34307.78171,35000,-1.98%,39370.58774,41000,-3.97%,FALSE,8894.330741,10000,-11.06%
5/15/2020,9136.85,-0.065,750,-25.00%,22577.4,24000,-5.93%,34285.64221,35000,-2.04%,39345.18111,41000,-4.04%,FALSE,8888.549426,10000,-11.11%
5/18/2020,8823.25,-3.432,724.26,-27.57%,22802.4,25000,-8.79%,35108.87151,37000,-5.11%,39994.75413,43000,-6.99%,FALSE,8583.49441,10000,-14.17%
5/19/2020,8879.1,0.633,728.84,-27.12%,22946.8,25000,-8.21%,35331.106,37000,-4.51%,40247.91561,43000,-6.40%,FALSE,8637.82793,10000,-13.62%
5/20/2020,9066.55,2.111,744.23,-25.58%,23431.2,25000,-6.28%,36076.99419,37000,-2.49%,41097.6044,43000,-4.42%,FALSE,8820.172477,10000,-11.80%
5/21/2020,9106.25,0.438,747.49,-25.25%,23533.8,25000,-5.86%,36234.96571,37000,-2.07%,41277.55983,43000,-4.01%,FALSE,8858.804833,10000,-11.41%
5/22/2020,9039.25,-0.736,741.99,-25.80%,23360.7,25000,-6.56%,35968.3639,37000,-2.79%,40973.85671,43000,-4.71%,FALSE,8793.604029,10000,-12.06%
5/26/2020,9029.05,-0.113,741.15,-25.89%,23334.3,25000,-6.66%,35927.77676,37000,-2.90%,40927.62131,43000,-4.82%,FALSE,8783.667257,10000,-12.16%
5/27/2020,9314.95,3.166,764.62,-23.54%,24073.2,25000,-3.71%,37065.41044,37000,0.18%,42223.57237,43000,-1.81%,FALSE,9061.758162,10000,-9.38%
5/28/2020,9490.1,1.88,778.99,-22.10%,24525.8,25000,-1.90%,37762.35531,37000,2.06%,43017.50672,43000,0.04%,FALSE,9232.119215,10000,-7.68%
5/29/2020,9580.3,0.95,786.4,-21.36%,24758.9,25000,-0.96%,38121.27297,37000,3.03%,43426.3727,43000,0.99%,FALSE,9319.824348,10000,-6.80%
6/1/2020,9826.15,2.566,806.58,-19.34%,25394.3,25000,1.58%,39099.54244,37000,5.67%,44540.78183,43000,3.58%,TRUE,11558.97104,12000,-3.68%
6/2/2020,9979.1,1.557,819.13,-18.09%,25789.6,25000,3.16%,39708.15059,37000,7.32%,45234.08618,43000,5.20%,FALSE,11738.94422,12000,-2.18%
6/3/2020,10061.55,0.826,825.9,-17.41%,26002.7,25000,4.01%,40036.22998,37000,8.21%,45607.82233,43000,6.06%,FALSE,11835.9079,12000,-1.37%
6/4/2020,10029.1,-0.323,823.24,-17.68%,25918.8,25000,3.68%,39907.10716,37000,7.86%,45460.7303,43000,5.72%,FALSE,11797.67792,12000,-1.69%
6/5/2020,10142.15,1.127,832.52,-16.75%,26211,25000,4.84%,40356.94797,37000,9.07%,45973.17265,43000,6.91%,FALSE,11930.63775,12000,-0.58%
6/8/2020,10167.45,0.249,834.59,-16.54%,26276.3,25000,5.11%,40457.62,37000,9.34%,46087.85457,43000,7.18%,FALSE,11960.34503,12000,-0.33%
6/9/2020,10046.65,-1.188,824.68,-17.53%,26964.2,26000,3.71%,39976.94092,37000,8.05%,46540.28238,44000,5.77%,FALSE,11818.25614,12000,-1.51%
6/10/2020,10116.15,0.692,830.38,-16.96%,27150.7,26000,4.43%,40253.49055,37000,8.79%,46862.23544,44000,6.51%,FALSE,11900.03847,12000,-0.83%
6/11/2020,9902,-2.117,812.81,-18.72%,27575.9,27000,2.13%,41401.35956,39000,6.16%,47870.20312,46000,4.07%,FALSE,11648.11465,12000,-2.93%
6/12/2020,9972.9,0.716,818.63,-18.14%,27773.4,27000,2.86%,41697.80031,39000,6.92%,48212.9619,46000,4.81%,FALSE,11731.51515,12000,-2.24%
6/15/2020,9813.7,-1.596,805.56,-19.44%,28330,28000,1.18%,41032.16747,39000,5.21%,48443.32583,47000,3.07%,FALSE,11544.28017,12000,-3.80%
6/16/2020,9914,1.022,813.79,-18.62%,28619.6,28000,2.21%,41451.53289,39000,6.29%,48938.43629,47000,4.12%,FALSE,11662.26272,12000,-2.81%
6/17/2020,9881.15,-0.331,811.09,-18.89%,28524.7,28000,1.87%,41314.1834,39000,5.93%,48776.27898,47000,3.78%,FALSE,11623.66063,12000,-3.14%
6/18/2020,10091.65,2.13,828.37,-17.16%,29132.4,28000,4.04%,42194.30723,39000,8.19%,49815.36924,47000,5.99%,FALSE,11871.2446,12000,-1.07%
6/19/2020,10244.4,1.514,840.91,-15.91%,29573.4,28000,5.62%,42832.97191,39000,9.83%,50569.38842,47000,7.59%,FALSE,12050.97524,12000,0.42%
6/22/2020,10311.2,0.652,846.39,-15.36%,29766.2,28000,6.31%,43112.27011,39000,10.54%,50899.13297,47000,8.30%,FALSE,12129.5476,12000,1.08%
6/23/2020,10471,1.55,859.51,-14.05%,30227.5,28000,7.96%,43780.41163,39000,12.26%,51687.95304,47000,9.97%,FALSE,12317.55559,12000,2.65%
6/24/2020,10305.3,-1.582,845.91,-15.41%,30749.2,29000,6.03%,43087.60156,39000,10.48%,51870.00883,48000,8.06%,FALSE,12122.69186,12000,1.02%
6/25/2020,10288.9,-0.159,844.56,-15.54%,30700.2,29000,5.86%,43019.03134,39000,10.31%,51787.46217,48000,7.89%,FALSE,12103.41678,12000,0.86%
6/26/2020,10383,0.915,852.29,-14.77%,30981,29000,6.83%,43412.47387,39000,11.31%,52261.09882,48000,8.88%,FALSE,12214.16304,12000,1.78%
6/29/2020,10312.4,-0.68,846.49,-15.35%,30770.3,29000,6.10%,43117.28745,39000,10.56%,51905.7455,48000,8.14%,FALSE,12131.10673,12000,1.09%
6/30/2020,10302.1,-0.1,845.65,-15.44%,30739.6,29000,6.00%,43074.222,39000,10.45%,51853.90216,48000,8.03%,FALSE,12118.97563,12000,0.99%
7/1/2020,10430.05,1.242,856.15,-14.39%,31121.4,29000,7.32%,43609.19514,39000,11.82%,52497.91715,48000,9.37%,TRUE,14269.4933,14000,1.92%
7/2/2020,10551.7,1.166,866.14,-13.39%,31484.4,29000,8.57%,44117.82727,39000,13.12%,53110.22214,48000,10.65%,FALSE,14435.8756,14000,3.11%
7/3/2020,10607.35,0.527,870.7,-12.93%,31650.4,29000,9.14%,44350.50609,39000,13.72%,53390.32713,48000,11.23%,FALSE,14511.95266,14000,3.66%
7/6/2020,10763.65,1.474,883.53,-11.65%,32116.8,29000,10.75%,45004.01371,39000,15.39%,54177.03711,48000,12.87%,FALSE,14725.85884,14000,5.18%
7/7/2020,10799.65,0.334,886.49,-11.35%,32224.2,29000,11.12%,45154.5337,39000,15.78%,54358.23711,48000,13.25%,FALSE,14775.04321,14000,5.54%
7/8/2020,10705.75,-0.869,878.78,-12.12%,31944,29000,10.15%,44761.9274,39000,14.77%,53885.60712,48000,12.26%,FALSE,14646.64809,14000,4.62%
7/9/2020,10813.45,1.006,887.62,-11.24%,32265.4,29000,11.26%,45212.23303,39000,15.93%,54427.69711,48000,13.39%,FALSE,14793.99336,14000,5.67%
7/10/2020,10768.05,-0.42,883.89,-11.61%,32129.9,29000,10.79%,45022.4106,39000,15.44%,54199.18378,48000,12.91%,FALSE,14731.85859,14000,5.23%
7/13/2020,10802.7,0.322,886.74,-11.33%,32233.3,29000,11.15%,45167.28609,39000,15.81%,54373.58877,48000,13.28%,FALSE,14779.29518,14000,5.57%
7/14/2020,10607.35,-1.808,870.7,-12.93%,32650.4,30000,8.83%,44350.50609,39000,13.72%,54390.32713,49000,11.00%,FALSE,14512.08552,14000,3.66%
7/15/2020,10618.2,0.102,871.59,-12.84%,32683.8,30000,8.95%,44395.87114,39000,13.84%,54445.96167,49000,11.11%,FALSE,14526.88785,14000,3.76%
7/16/2020,10739.95,1.147,881.59,-11.84%,33058.6,30000,10.20%,44904.92139,39000,15.14%,55070.24788,49000,12.39%,FALSE,14693.51125,14000,4.95%
7/17/2020,10901.7,1.506,894.87,-10.51%,33556.5,30000,11.86%,45581.21606,39000,16.87%,55899.63839,49000,14.08%,FALSE,14914.79553,14000,6.53%
7/20/2020,11022.2,1.105,904.76,-9.52%,33927.4,30000,13.09%,46085.03992,39000,18.17%,56517.51509,49000,15.34%,FALSE,15079.60402,14000,7.71%
7/21/2020,11162.25,1.271,916.25,-8.38%,34358.5,30000,14.53%,46670.60449,39000,19.67%,57235.63652,49000,16.81%,FALSE,15271.26579,14000,9.08%
7/22/2020,11132.6,-0.266,913.82,-8.62%,34267.2,30000,14.22%,46546.63456,39000,19.35%,57083.60295,49000,16.50%,FALSE,15230.64422,14000,8.79%
7/23/2020,11215.45,0.744,920.62,-7.94%,34522.2,30000,15.07%,46893.03959,39000,20.24%,57508.42523,49000,17.36%,FALSE,15343.96021,14000,9.60%
7/24/2020,11194.15,-0.19,918.87,-8.11%,34456.7,30000,14.86%,46803.98193,39000,20.01%,57399.20719,49000,17.14%,FALSE,15314.80669,14000,9.39%
7/27/2020,11131.8,-0.557,913.75,-8.63%,34264.7,30000,14.22%,46543.28967,39000,19.34%,57079.50087,49000,16.49%,FALSE,15229.50322,14000,8.78%
7/28/2020,11300.55,1.516,927.61,-7.24%,34784.2,30000,15.95%,47248.85212,39000,21.15%,57944.78463,49000,18.25%,FALSE,15460.38249,14000,10.43%
7/29/2020,11202.85,-0.865,919.59,-8.04%,34483.4,30000,14.94%,46840.35759,39000,20.10%,57443.81738,49000,17.23%,FALSE,15326.65018,14000,9.48%
7/30/2020,11102.15,-0.899,911.32,-8.87%,34173.5,30000,13.91%,46419.31973,39000,19.02%,56927.46731,49000,16.18%,FALSE,15188.86359,14000,8.49%
7/31/2020,11073.45,-0.259,908.96,-9.10%,34085.1,30000,13.62%,46299.32185,39000,18.72%,56780.30497,49000,15.88%,FALSE,15149.52444,14000,8.21%
8/3/2020,10891.6,-1.642,894.04,-10.60%,34525.4,31000,11.37%,45538.98685,39000,16.77%,56847.84955,50000,13.70%,TRUE,16900.76924,16000,5.63%
8/4/2020,11095.25,1.87,910.75,-8.93%,35170.9,31000,13.45%,46390.47007,39000,18.95%,57910.78471,50000,15.82%,FALSE,17216.81363,16000,7.61%
8/5/2020,11101.65,0.058,911.28,-8.87%,35191.2,31000,13.52%,46417.22918,39000,19.02%,57944.18901,50000,15.89%,FALSE,17226.79938,16000,7.67%
8/6/2020,11200.15,0.887,919.36,-8.06%,35503.4,31000,14.53%,46829.0686,39000,20.07%,58458.30201,50000,16.92%,FALSE,17379.60109,16000,8.62%
8/7/2020,11214.05,0.124,920.5,-7.95%,35547.5,31000,14.67%,46887.18604,39000,20.22%,58530.85197,50000,17.06%,FALSE,17401.1518,16000,8.76%
8/10/2020,11270.15,0.5,925.11,-7.49%,35725.3,31000,15.24%,47121.74635,39000,20.82%,58823.6615,50000,17.65%,FALSE,17488.15756,16000,9.30%
8/11/2020,11322.5,0.465,929.41,-7.06%,35891.3,31000,15.78%,47340.62751,39000,21.39%,59096.89821,50000,18.19%,FALSE,17569.47749,16000,9.81%
8/12/2020,11308.4,-0.125,928.25,-7.18%,35846.6,31000,15.63%,47281.67384,39000,21.24%,59023.30437,50000,18.05%,FALSE,17547.51564,16000,9.67%
8/13/2020,11300.45,-0.07,927.6,-7.24%,35821.4,31000,15.55%,47248.43401,39000,21.15%,58981.80997,50000,17.96%,FALSE,17535.23238,16000,9.60%
8/14/2020,11178.4,-1.08,917.58,-8.24%,36434.5,32000,13.86%,46738.12943,39000,19.84%,59344.7796,51000,16.36%,FALSE,17345.85187,16000,8.41%
8/17/2020,11247.1,0.615,923.22,-7.68%,36658.4,32000,14.56%,47025.37175,39000,20.58%,59709.49962,51000,17.08%,FALSE,17452.52886,16000,9.08%
8/18/2020,11385.35,1.229,934.57,-6.54%,37109,32000,15.97%,47603.41032,39000,22.06%,60443.45223,51000,18.52%,FALSE,17667.02044,16000,10.42%
8/19/2020,11408.4,0.202,936.46,-6.35%,37184.2,32000,16.20%,47699.78493,39000,22.31%,60565.8219,51000,18.76%,FALSE,17702.70782,16000,10.64%
8/20/2020,11312.2,-0.843,928.56,-7.14%,36870.6,32000,15.22%,47297.56207,39000,21.28%,60055.10768,51000,17.76%,FALSE,17553.47399,16000,9.71%
8/21/2020,11371.6,0.525,933.44,-6.66%,37064.2,32000,15.83%,47545.92005,39000,21.91%,60370.45513,51000,18.37%,FALSE,17645.62973,16000,10.29%
8/24/2020,11466.45,0.834,941.22,-5.88%,37373.4,32000,16.79%,47942.49841,39000,22.93%,60874.00236,51000,19.36%,FALSE,17792.79428,16000,11.20%
8/25/2020,11472.25,0.051,941.7,-5.83%,37392.3,32000,16.85%,47966.74886,39000,22.99%,60904.79386,51000,19.42%,FALSE,17801.86861,16000,11.26%
8/26/2020,11549.6,0.674,948.05,-5.20%,37644.4,32000,17.64%,48290.15778,39000,23.82%,61315.4357,51000,20.23%,FALSE,17921.8532,16000,12.01%
8/27/2020,11559.25,0.084,948.84,-5.12%,37675.8,32000,17.74%,48330.5055,39000,23.92%,61366.66639,51000,20.33%,FALSE,17936.90756,16000,12.11%
8/28/2020,11647.6,0.764,956.09,-4.39%,37963.8,32000,18.64%,48699.90664,39000,24.87%,61835.7059,51000,21.25%,FALSE,18073.94553,16000,12.96%
8/31/2020,11387.5,-2.233,934.74,-6.53%,38116,33000,15.50%,49612.39971,41000,21.01%,62454.86632,53000,17.84%,FALSE,17670.35433,16000,10.44%
9/1/2020,11470.25,0.727,941.53,-5.85%,38393,33000,16.34%,49972.92011,41000,21.89%,62908.70958,53000,18.70%,TRUE,19798.81781,18000,9.99%
9/2/2020,11535,0.565,946.85,-5.32%,38609.7,33000,17.00%,50255.01916,41000,22.57%,63263.83166,53000,19.37%,FALSE,19910.68113,18000,10.61%
9/3/2020,11527.45,-0.065,946.23,-5.38%,38584.5,33000,16.92%,50222.12576,41000,22.49%,63222.4236,53000,19.29%,FALSE,19897.73918,18000,10.54%
9/4/2020,11333.85,-1.679,930.34,-6.97%,38936.5,34000,14.52%,49378.6605,41000,20.44%,63160.62232,54000,16.96%,FALSE,19563.65614,18000,8.69%
9/7/2020,11355.05,0.187,932.08,-6.79%,39009.3,34000,14.73%,49471.02343,41000,20.66%,63278.76445,54000,17.18%,FALSE,19600.24018,18000,8.89%
9/8/2020,11317.35,-0.332,928.98,-7.10%,38879.8,34000,14.35%,49306.77426,41000,20.26%,63068.67207,54000,16.79%,FALSE,19535.16738,18000,8.53%
9/9/2020,11278,-0.348,925.75,-7.43%,38744.6,34000,13.95%,49135.33646,41000,19.84%,62849.38467,54000,16.39%,FALSE,19467.185,18000,8.15%
9/10/2020,11449.25,1.518,939.81,-6.02%,39332.9,34000,15.69%,49881.42853,41000,21.66%,63803.71675,54000,18.16%,FALSE,19762.69687,18000,9.79%
9/11/2020,11464.45,0.133,941.06,-5.89%,39385.1,34000,15.84%,49947.65101,41000,21.82%,63888.42243,54000,18.31%,FALSE,19788.98126,18000,9.94%
9/14/2020,11440.05,-0.213,939.06,-6.09%,39301.3,34000,15.59%,49841.3465,41000,21.56%,63752.44752,54000,18.06%,FALSE,19746.83073,18000,9.70%
9/15/2020,11521.8,0.715,945.77,-5.42%,39582.1,34000,16.42%,50197.51016,41000,22.43%,64208.01918,54000,18.90%,FALSE,19888.02057,18000,10.49%
9/16/2020,11604.55,0.718,952.56,-4.74%,39866.4,34000,17.25%,50558.03057,41000,23.31%,64669.16358,54000,19.76%,FALSE,20030.81655,18000,11.28%
9/17/2020,11516.1,-0.762,945.3,-5.47%,39562.6,34000,16.36%,50172.67674,41000,22.37%,64176.25455,54000,18.84%,FALSE,19878.18173,18000,10.43%
9/18/2020,11504.95,-0.097,944.38,-5.56%,39524.3,34000,16.25%,50124.09906,41000,22.25%,64114.11848,54000,18.73%,FALSE,19858.89989,18000,10.33%
9/21/2020,11250.55,-2.211,923.5,-7.65%,39650.3,35000,13.29%,51015.74389,43000,18.64%,64696.4129,56000,15.53%,FALSE,19419.81962,18000,7.89%
9/22/2020,11153.65,-0.861,915.55,-8.45%,39308.8,35000,12.31%,50576.34977,43000,17.62%,64139.18838,56000,14.53%,FALSE,19252.61497,18000,6.96%
9/23/2020,11131.85,-0.195,913.76,-8.62%,39232,35000,12.09%,50477.49742,43000,17.39%,64013.82723,56000,14.31%,FALSE,19215.07237,18000,6.75%
9/24/2020,10805.55,-2.931,886.97,-11.30%,39082,36000,8.56%,50997.88645,45000,13.33%,64137.43545,58000,10.58%,FALSE,18651.8786,18000,3.62%
9/25/2020,11050.25,2.265,907.06,-9.29%,39967,36000,11.02%,52152.77286,45000,15.90%,65589.87707,58000,13.09%,FALSE,19074.34365,18000,5.97%
9/28/2020,11227.55,1.604,921.61,-7.84%,40608.3,36000,12.80%,52989.55815,45000,17.75%,66642.25916,58000,14.90%,FALSE,19380.29612,18000,7.67%
9/29/2020,11222.4,-0.046,921.19,-7.88%,40589.7,36000,12.75%,52965.2522,45000,17.70%,66611.69081,58000,14.85%,FALSE,19371.38119,18000,7.62%
9/30/2020,11247.55,0.224,923.25,-7.68%,40680.6,36000,13.00%,53083.95017,45000,17.96%,66760.97118,58000,15.11%,FALSE,19414.77308,18000,7.86%
10/1/2020,11416.95,1.506,937.16,-6.28%,41293.3,36000,14.70%,53883.45061,45000,19.74%,67766.46202,58000,16.84%,TRUE,21707.15956,20000,8.54%
10/5/2020,11503.35,0.757,944.25,-5.58%,41605.8,36000,15.57%,54291.22415,45000,20.65%,68279.29797,58000,17.72%,FALSE,21871.48276,20000,9.36%
10/6/2020,11662.4,1.383,957.31,-4.27%,42181.1,36000,17.17%,55041.87672,45000,22.32%,69223.35534,58000,19.35%,FALSE,22173.96537,20000,10.87%
10/7/2020,11738.85,0.656,963.58,-3.64%,42457.6,36000,17.94%,55402.69023,45000,23.12%,69677.13205,58000,20.13%,FALSE,22319.42658,20000,11.60%
10/8/2020,11834.6,0.816,971.44,-2.86%,42803.9,36000,18.90%,55854.59204,45000,24.12%,70245.46586,58000,21.11%,FALSE,22501.5531,20000,12.51%
10/9/2020,11914.2,0.673,977.98,-2.20%,43091.8,36000,19.70%,56230.27229,45000,24.96%,70717.93972,58000,21.93%,FALSE,22652.98855,20000,13.26%
10/12/2020,11930.95,0.141,979.35,-2.07%,43152.4,36000,19.87%,56309.32561,45000,25.13%,70817.36104,58000,22.10%,FALSE,22684.92927,20000,13.42%
10/13/2020,11934.5,0.03,979.64,-2.04%,43165.2,36000,19.90%,56326.0802,45000,25.17%,70838.43242,58000,22.14%,FALSE,22691.73475,20000,13.46%
10/14/2020,11971.05,0.306,982.64,-1.74%,43297.4,36000,20.27%,56498.58162,45000,25.55%,71055.37864,58000,22.51%,FALSE,22761.17145,20000,13.81%
10/15/2020,11680.35,-2.428,958.78,-4.12%,43246,37000,16.88%,57126.59356,47000,21.55%,71329.89938,60000,18.88%,FALSE,22208.53021,20000,11.04%
10/16/2020,11762.45,0.703,965.52,-3.45%,43550,37000,17.70%,57528.13061,47000,22.40%,71831.27003,60000,19.72%,FALSE,22364.65618,20000,11.82%
10/19/2020,11873.05,0.94,974.6,-2.54%,43959.5,37000,18.81%,58069.05629,47000,23.55%,72506.68531,60000,20.84%,FALSE,22574.88395,20000,12.87%
10/20/2020,11896.8,0.2,976.55,-2.35%,44047.4,37000,19.05%,58185.21348,47000,23.80%,72651.7225,60000,21.09%,FALSE,22620.03372,20000,13.10%
10/21/2020,11937.65,0.343,979.9,-2.01%,44198.6,37000,19.46%,58385.00384,47000,24.22%,72901.18646,60000,21.50%,FALSE,22697.62043,20000,13.49%
10/22/2020,11896.45,-0.345,976.52,-2.35%,44046.1,37000,19.04%,58183.50169,47000,23.79%,72649.58511,60000,21.08%,FALSE,22619.31364,20000,13.10%
10/23/2020,11930.35,0.285,979.3,-2.07%,44171.6,37000,19.38%,58349.30079,47000,24.15%,72856.60661,60000,21.43%,FALSE,22683.77868,20000,13.42%
10/26/2020,11767.75,-1.363,965.96,-3.40%,44569.6,38000,17.29%,57554.052,47000,22.46%,72863.63623,61000,19.45%,FALSE,22374.59878,20000,11.87%
10/27/2020,11889.4,1.034,975.94,-2.41%,45030.3,38000,18.50%,58149.02134,47000,23.72%,73616.86954,61000,20.68%,FALSE,22605.95213,20000,13.03%
10/28/2020,11729.6,-1.344,962.82,-3.72%,45425.1,39000,16.47%,57367.46688,47000,22.06%,73627.41879,62000,18.75%,FALSE,22302.12814,20000,11.51%
10/29/2020,11670.8,-0.501,958,-4.20%,45197.4,39000,15.89%,57079.88614,47000,21.45%,73258.32758,62000,18.16%,FALSE,22190.39447,20000,10.95%
10/30/2020,11642.4,-0.243,955.67,-4.43%,45087.4,39000,15.61%,56940.9866,47000,21.15%,73080.05904,62000,17.87%,FALSE,22136.47182,20000,10.68%
11/2/2020,11669.15,0.23,957.86,-4.21%,45191,39000,15.87%,57071.81627,47000,21.43%,73247.97043,62000,18.14%,TRUE,24187.3857,22000,9.94%
11/3/2020,11813.5,1.237,969.71,-3.03%,45750,39000,17.31%,57777.80743,47000,22.93%,74154.06424,62000,19.60%,FALSE,24486.58366,22000,11.30%
11/4/2020,11908.5,0.804,977.51,-2.25%,46117.9,39000,18.25%,58242.43618,47000,23.92%,74750.38507,62000,20.57%,FALSE,24683.45579,22000,12.20%
11/5/2020,12120.3,1.779,994.89,-0.51%,46938.2,39000,20.35%,59278.31374,47000,26.12%,76079.86666,62000,22.71%,FALSE,25122.57447,22000,14.19%
11/6/2020,12263.55,1.182,1006.65,0.66%,47492.9,39000,21.78%,59978.92498,47000,27.61%,76979.0557,62000,24.16%,FALSE,25419.5233,22000,15.54%
11/9/2020,12461.05,1.61,1022.86,2.29%,48257.8,39000,23.74%,60944.86369,47000,29.67%,78218.77531,62000,26.16%,FALSE,25828.77763,22000,17.40%
11/10/2020,12631.1,1.365,1036.82,3.68%,48916.3,39000,25.43%,61776.54915,47000,31.44%,79286.1896,62000,27.88%,FALSE,26181.34044,22000,19.01%
11/11/2020,12749.15,0.935,1046.51,4.65%,49373.5,39000,26.60%,62353.91151,47000,32.67%,80027.19669,62000,29.08%,FALSE,26426.13598,22000,20.12%
11/12/2020,12690.8,-0.458,1041.72,4.17%,49147.5,39000,26.02%,62068.53164,47000,32.06%,79660.93016,62000,28.49%,FALSE,26305.10427,22000,19.57%
11/13/2020,12719.95,0.23,1044.12,4.41%,49260.4,39000,26.31%,62211.0993,47000,32.36%,79843.9065,62000,28.78%,FALSE,26365.60601,22000,19.84%
11/14/2020,12780.25,0.474,1049.07,4.91%,49493.9,39000,26.91%,62506.01628,47000,32.99%,80222.4133,62000,29.39%,FALSE,26490.57899,22000,20.41%
11/17/2020,12874.2,0.735,1056.78,5.68%,49857.8,39000,27.84%,62965.50966,47000,33.97%,80812.14321,62000,30.34%,FALSE,26685.28474,22000,21.30%
11/18/2020,12938.25,0.498,1062.04,6.20%,50105.8,39000,28.48%,63278.76725,47000,34.64%,81214.18899,62000,30.99%,FALSE,26818.17746,22000,21.90%
11/19/2020,12771.7,-1.287,1048.36,4.84%,50460.8,40000,26.15%,62464.1997,47000,32.90%,81168.74442,63000,28.84%,FALSE,26473.02751,22000,20.33%
11/20/2020,12859.05,0.684,1055.53,5.55%,50805.9,40000,27.01%,62891.4136,47000,33.81%,81723.88507,63000,29.72%,FALSE,26654.10302,22000,21.16%
11/23/2020,12926.45,0.524,1061.07,6.11%,51072.2,40000,27.68%,63221.05547,47000,34.51%,82152.2363,63000,30.40%,FALSE,26793.77052,22000,21.79%
11/24/2020,13055.15,0.996,1071.63,7.16%,51580.7,40000,28.95%,63850.50515,47000,35.85%,82970.17106,63000,31.70%,FALSE,27060.63648,22000,23.00%
11/25/2020,12858.4,-1.507,1055.48,5.55%,51803.4,41000,26.35%,62888.23456,47000,33.80%,82719.75409,64000,29.25%,FALSE,26652.83269,22000,21.15%
11/26/2020,12987,1,1066.04,6.60%,52321.5,41000,27.61%,63517.19516,47000,35.14%,83547.05456,64000,30.54%,FALSE,26919.36101,22000,22.36%
11/27/2020,12968.95,-0.139,1064.56,6.46%,52248.8,41000,27.44%,63428.9157,47000,34.96%,83430.93657,64000,30.36%,FALSE,26881.9431,22000,22.19%
12/1/2020,13109.05,1.08,1076.06,7.61%,52813.2,41000,28.81%,64114.12083,47000,36.41%,84332.21803,64000,31.77%,TRUE,29172.26809,24000,21.55%
12/2/2020,13113.75,0.036,1076.44,7.64%,52832.1,41000,28.86%,64137.10773,47000,36.46%,84362.45374,64000,31.82%,FALSE,29182.7701,24000,21.59%
12/3/2020,13133.9,0.154,1078.1,7.81%,52913.3,41000,29.06%,64235.65793,47000,36.67%,84492.0813,64000,32.02%,FALSE,29227.71157,24000,21.78%
12/4/2020,13258.55,0.949,1088.33,8.83%,53415.5,41000,30.28%,64845.29976,47000,37.97%,85293.97091,64000,33.27%,FALSE,29505.08255,24000,22.94%
12/7/2020,13355.75,0.733,1096.31,9.63%,53807.1,41000,31.24%,65320.68833,47000,38.98%,85919.27111,64000,34.25%,FALSE,29721.35481,24000,23.84%
12/8/2020,13392.95,0.279,1099.36,9.94%,53956.9,41000,31.60%,65502.62716,47000,39.37%,86158.58353,64000,34.62%,FALSE,29804.27739,24000,24.18%
12/9/2020,13529.1,1.017,1110.54,11.05%,54505.5,41000,32.94%,66168.51352,47000,40.78%,87034.45413,64000,35.99%,FALSE,30107.38689,24000,25.45%
12/10/2020,13478.3,-0.375,1106.37,10.64%,54300.8,41000,32.44%,65920.05941,47000,40.26%,86707.65115,64000,35.48%,FALSE,29994.48419,24000,24.98%
12/11/2020,13513.85,0.264,1109.28,10.93%,54444,41000,32.79%,66093.92838,47000,40.63%,86936.34891,64000,35.84%,FALSE,30073.66962,24000,25.31%
12/14/2020,13558.15,0.328,1112.92,11.29%,54622.5,41000,33.23%,66310.5921,47000,41.09%,87221.33655,64000,36.28%,FALSE,30172.31126,24000,25.72%
12/15/2020,13567.85,0.072,1113.72,11.37%,54661.6,41000,33.32%,66358.03314,47000,41.19%,87283.73791,64000,36.38%,FALSE,30194.03533,24000,25.81%
12/16/2020,13682.7,0.846,1123.14,12.31%,55124.3,41000,34.45%,66919.74484,47000,42.38%,88022.58284,64000,37.54%,FALSE,30449.47686,24000,26.87%
12/17/2020,13740.7,0.424,1127.9,12.79%,55358,41000,35.02%,67203.41292,47000,42.99%,88395.70436,64000,38.12%,FALSE,30578.58265,24000,27.41%
12/18/2020,13760.55,0.144,1129.53,12.95%,55437.9,41000,35.21%,67300.49587,47000,43.19%,88523.40199,64000,38.32%,FALSE,30622.61581,24000,27.59%
12/21/2020,13328.4,-3.14,1094.06,9.41%,54696.9,42000,30.23%,67186.92416,49000,37.12%,87743.32502,66000,32.94%,FALSE,29661.06567,24000,23.59%
12/22/2020,13466.3,1.035,1105.38,10.54%,55262.8,42000,31.58%,67882.06212,49000,38.53%,88651.14625,66000,34.32%,FALSE,29968.0577,24000,24.87%
12/23/2020,13601.1,1.001,1116.45,11.65%,55816,42000,32.90%,68561.57334,49000,39.92%,89538.55961,66000,35.66%,FALSE,30268.03796,24000,26.12%
12/24/2020,13749.25,1.089,1128.61,12.86%,56424,42000,34.34%,69308.38037,49000,41.45%,90513.85849,66000,37.14%,FALSE,30597.65689,24000,27.49%
12/28/2020,13873.2,0.902,1138.78,13.88%,56932.6,42000,35.55%,69933.198,49000,42.72%,91329.84429,66000,38.38%,FALSE,30873.64775,24000,28.64%
12/29/2020,13932.6,0.428,1143.66,14.37%,57176.4,42000,36.13%,70232.62653,49000,43.33%,91720.88549,66000,38.97%,FALSE,31005.78697,24000,29.19%
12/30/2020,13981.95,0.354,1147.71,14.77%,57378.9,42000,36.62%,70481.39418,49000,43.84%,92045.76567,66000,39.46%,FALSE,31115.54745,24000,29.65%
1/1/2021,14018.5,0.261,1150.71,15.07%,57528.9,42000,36.97%,70665.63851,49000,44.22%,92286.38109,66000,39.83%,TRUE,33196.75903,26000,27.68%
1/4/2021,14132.9,0.816,1160.1,16.01%,57998.4,42000,38.09%,71242.31569,49000,45.39%,93039.49747,66000,40.97%,FALSE,33467.64459,26000,28.72%
1/5/2021,14199.5,0.471,1165.57,16.56%,58271.7,42000,38.74%,71578.03859,49000,46.08%,93477.9376,66000,41.63%,FALSE,33625.27719,26000,29.33%
1/6/2021,14146.25,-0.375,1161.19,16.12%,58053.2,42000,38.22%,71309.61149,49000,45.53%,93127.38299,66000,41.10%,FALSE,33499.1824,26000,28.84%
1/7/2021,14137.35,-0.063,1160.46,16.05%,58016.7,42000,38.14%,71264.74762,49000,45.44%,93068.79265,66000,41.01%,FALSE,33478.07792,26000,28.76%
1/8/2021,14347.25,1.485,1177.69,17.77%,58878,42000,40.19%,72322.82927,49000,47.60%,94450.60321,66000,43.11%,FALSE,33975.22737,26000,30.67%
1/11/2021,14484.75,0.958,1188.98,18.90%,59442.3,42000,41.53%,73015.95088,49000,49.01%,95355.79117,66000,44.48%,FALSE,34300.71005,26000,31.93%
1/12/2021,14563.45,0.543,1195.44,19.54%,59765.3,42000,42.30%,73412.66848,49000,49.82%,95873.88784,66000,45.26%,FALSE,34486.96291,26000,32.64%
1/13/2021,14564.85,0.01,1195.56,19.56%,59771,42000,42.31%,73419.72572,49000,49.84%,95883.1043,66000,45.28%,FALSE,34490.4116,26000,32.66%
1/14/2021,14595.6,0.211,1198.08,19.81%,59897.2,42000,42.61%,73574.73292,49000,50.15%,96085.53724,66000,45.58%,FALSE,34563.18637,26000,32.94%
1/15/2021,14433.7,-1.109,1184.79,18.48%,60232.8,43000,40.08%,72758.61373,49000,48.49%,96019.71957,67000,43.31%,FALSE,34179.88064,26000,31.46%
1/18/2021,14281.3,-1.056,1172.28,17.23%,60596.8,44000,37.72%,71990.38294,49000,46.92%,96005.88353,68000,41.19%,FALSE,33818.9411,26000,30.07%
1/19/2021,14521.15,1.679,1191.97,19.20%,61614.5,44000,40.03%,73199.43907,49000,49.39%,97618.27254,68000,43.56%,FALSE,34386.76112,26000,32.26%
1/20/2021,14644.7,0.851,1202.11,20.21%,62138.8,44000,41.22%,73822.24034,49000,50.66%,98448.83606,68000,44.78%,FALSE,34679.39245,26000,33.38%
1/21/2021,14590.35,-0.371,1197.65,19.77%,61908.2,44000,40.70%,73548.26827,49000,50.10%,98083.46878,68000,44.24%,FALSE,34550.73191,26000,32.89%
1/22/2021,14371.9,-1.497,1179.72,17.97%,61981.3,45000,37.74%,72447.08707,49000,47.85%,97614.94104,69000,41.47%,FALSE,34033.50745,26000,30.90%
1/25/2021,14238.9,-0.925,1168.8,16.88%,61407.7,45000,36.46%,71776.64944,49000,46.48%,96711.59582,69000,40.16%,FALSE,33718.69751,26000,29.69%
1/27/2021,13967.5,-1.906,1146.52,14.65%,61237.2,46000,33.12%,70408.5534,49000,43.69%,95868.22821,70000,36.95%,FALSE,33076.01913,26000,27.22%
1/28/2021,13817.55,-1.074,1134.21,13.42%,61579.8,47000,31.02%,69652.67278,49000,42.15%,95839.02177,71000,34.98%,FALSE,32720.78269,26000,25.85%
1/29/2021,13634.6,-1.324,1119.2,11.92%,61764.5,48000,28.68%,68730.44297,49000,40.27%,95570.07402,72000,32.74%,FALSE,32287.55953,26000,24.18%
2/1/2021,14281.2,4.742,1172.27,17.23%,64693.5,48000,34.78%,71989.87885,49000,46.92%,100102.3383,72000,39.03%,TRUE,35818.6356,28000,27.92%
2/2/2021,14647.85,2.567,1202.37,20.24%,66354.5,48000,38.24%,73838.11913,49000,50.69%,102672.3269,72000,42.60%,FALSE,36738.09997,28000,31.21%
2/3/2021,14789.95,0.97,1214.03,21.40%,66998.2,48000,39.58%,74554.42881,49000,52.15%,103668.3596,72000,43.98%,FALSE,37094.45954,28000,32.48%
2/4/2021,14895.65,0.715,1222.71,22.27%,67477,48000,40.58%,75087.25029,49000,53.24%,104409.251,72000,45.01%,FALSE,37359.68493,28000,33.43%
2/5/2021,14924.25,0.192,1225.06,22.51%,67606.5,48000,40.85%,75231.41959,49000,53.53%,104609.7192,72000,45.29%,FALSE,37431.41552,28000,33.68%
2/8/2021,15115.8,1.283,1240.78,24.08%,68474.3,48000,42.65%,76197.001,49000,55.50%,105952.3657,72000,47.16%,FALSE,37911.66059,28000,35.40%
2/9/2021,15109.3,-0.043,1240.25,24.03%,68444.8,48000,42.59%,76164.23525,49000,55.44%,105906.8047,72000,47.09%,FALSE,37895.35857,28000,35.34%
2/10/2021,15106.5,-0.019,1240.02,24.00%,68432.1,48000,42.57%,76150.12078,49000,55.41%,105887.1784,72000,47.07%,FALSE,37888.15845,28000,35.31%
2/11/2021,15173.3,0.442,1245.5,24.55%,68734.7,48000,43.20%,76486.85186,49000,56.10%,106355.4049,72000,47.72%,FALSE,38055.62411,28000,35.91%
2/12/2021,15163.3,-0.066,1244.68,24.47%,68689.4,48000,43.10%,76436.44301,49000,55.99%,106285.3111,72000,47.62%,FALSE,38030.5074,28000,35.82%
2/15/2021,15314.7,0.998,1257.11,25.71%,69375.3,48000,44.53%,77199.63292,49000,57.55%,107346.5311,72000,49.09%,FALSE,38410.05187,28000,37.18%
2/16/2021,15313.45,-0.008,1257,25.70%,69369.6,48000,44.52%,77193.33181,49000,57.54%,107337.7694,72000,49.08%,FALSE,38406.97906,28000,37.17%
2/17/2021,15208.9,-0.683,1248.42,24.84%,68896,48000,43.53%,76666.30734,49000,56.46%,106604.9388,72000,48.06%,FALSE,38144.65939,28000,36.23%
2/18/2021,15118.95,-0.591,1241.04,24.10%,68488.5,48000,42.68%,76212.87979,49000,55.54%,105974.4452,72000,47.19%,FALSE,37919.22446,28000,35.43%
2/19/2021,14981.75,-0.907,1229.78,22.98%,67867,48000,41.39%,75521.27044,49000,54.13%,105012.7585,72000,45.85%,FALSE,37575.29709,28000,34.20%
2/22/2021,14675.7,-2.043,1204.65,20.47%,67480.6,49000,37.72%,75978.50776,51000,48.98%,104867.5381,74000,41.71%,FALSE,36807.63377,28000,31.46%
2/23/2021,14707.8,0.219,1207.29,20.73%,67628.2,49000,38.02%,76144.69473,51000,49.30%,105096.9138,74000,42.02%,FALSE,36888.24249,28000,31.74%
2/24/2021,14982,1.864,1229.8,22.98%,68889,49000,40.59%,77564.27314,51000,52.09%,107056.2533,74000,44.67%,FALSE,37575.83933,28000,34.20%
2/25/2021,15097.35,0.77,1239.27,23.93%,69419.4,49000,41.67%,78161.45902,51000,53.26%,107880.505,74000,45.78%,FALSE,37865.17329,28000,35.23%
2/26/2021,14529.15,-3.764,1192.62,19.26%,67806.8,50000,35.61%,77219.79436,53000,45.70%,105820.3419,76000,39.24%,FALSE,36439.92817,28000,30.14%
3/1/2021,14761.55,1.6,1211.7,21.17%,68891.4,50000,37.78%,78454.95816,53000,48.03%,107512.9838,76000,41.46%,TRUE,39022.96702,30000,30.08%
3/2/2021,14919.1,1.067,1224.63,22.46%,69626.6,50000,39.25%,79292.30781,53000,49.61%,108660.4697,76000,42.97%,FALSE,39439.34208,30000,31.46%
3/3/2021,15245.6,2.188,1251.43,25.14%,71150.4,50000,42.30%,81027.59603,53000,52.88%,111038.4712,76000,46.10%,FALSE,40302.27488,30000,34.34%
3/4/2021,15080.75,-1.081,1237.9,23.79%,71381,51000,39.96%,80151.44821,53000,51.23%,110837.8171,77000,43.95%,FALSE,39866.60729,30000,32.89%
3/5/2021,14938.1,-0.946,1226.19,22.62%,70705.8,51000,38.64%,79393.28936,53000,49.80%,109789.3935,77000,42.58%,FALSE,39489.46919,30000,31.63%
3/8/2021,14956.2,0.121,1227.68,22.77%,70791.5,51000,38.81%,79489.48757,53000,49.98%,109922.4217,77000,42.76%,FALSE,39537.25144,30000,31.79%
3/9/2021,15098.4,0.951,1239.35,23.94%,71464.6,51000,40.13%,80245.25475,53000,51.41%,110967.538,77000,44.11%,FALSE,39913.25071,30000,33.04%
3/10/2021,15174.8,0.506,1245.62,24.56%,71826.2,51000,40.84%,80651.30688,53000,52.17%,111529.0491,77000,44.84%,FALSE,40115.21175,30000,33.72%
3/12/2021,15030.95,-0.948,1233.81,23.38%,71145.3,51000,39.50%,79886.77025,53000,50.73%,110471.806,77000,43.47%,FALSE,39734.91955,30000,32.45%
3/15/2021,14929.5,-0.675,1225.49,22.55%,70665.1,51000,38.56%,79347.58192,53000,49.71%,109726.1868,77000,42.50%,FALSE,39466.70884,30000,31.56%
3/16/2021,14910.45,-0.128,1223.92,22.39%,70575,51000,38.38%,79246.33463,53000,49.52%,109586.1765,77000,42.32%,FALSE,39416.19145,30000,31.39%
3/17/2021,14721.3,-1.269,1208.4,20.84%,70679.7,52000,35.92%,78241.03672,53000,47.62%,109195.9954,78000,39.99%,FALSE,38915.99998,30000,29.72%
3/18/2021,14557.85,-1.11,1194.98,19.50%,70894.9,53000,33.76%,77372.32965,53000,45.99%,108983.5967,79000,37.95%,FALSE,38484.03238,30000,28.28%
3/19/2021,14744,1.279,1210.26,21.03%,71801.4,53000,35.47%,78361.6831,53000,47.85%,110377.1607,79000,39.72%,FALSE,38976.24316,30000,29.92%
3/22/2021,14736.4,-0.052,1209.64,20.96%,71764.4,53000,35.40%,78321.29048,53000,47.78%,110320.2653,79000,39.65%,FALSE,38955.97551,30000,29.85%
3/23/2021,14814.75,0.532,1216.07,21.61%,72146,53000,36.12%,78737.7065,53000,48.56%,110906.8124,79000,40.39%,FALSE,39163.2213,30000,30.54%
3/24/2021,14549.4,-1.791,1194.29,19.43%,71853.8,54000,33.06%,77327.41943,53000,45.90%,109920.3379,80000,37.40%,FALSE,38461.80801,30000,28.21%
3/25/2021,14324.9,-1.543,1175.86,17.59%,71745.1,55000,30.45%,76134.24269,53000,43.65%,109224.2463,81000,34.84%,FALSE,37868.34231,30000,26.23%
3/26/2021,14507.3,1.273,1190.83,19.08%,72658.6,55000,32.11%,77103.66557,53000,45.48%,110615.0066,81000,36.56%,FALSE,38350.40631,30000,27.83%
3/30/2021,14845.1,2.328,1218.56,21.86%,74350.4,55000,35.18%,78899.01124,53000,48.87%,113190.6581,81000,39.74%,FALSE,39243.20377,30000,30.81%
3/31/2021,14690.7,-1.04,1205.89,20.59%,74577.1,56000,33.17%,78078.40328,53000,47.32%,113013.3917,82000,37.82%,FALSE,38835.07445,30000,29.45%
4/1/2021,14867.35,1.202,1220.39,22.04%,75473.9,56000,34.77%,79017.26595,53000,49.09%,114372.3341,82000,39.48%,TRUE,41301.87204,32000,29.07%
4/5/2021,14637.8,-1.544,1201.54,20.15%,75308.6,57000,32.12%,77797.24938,53000,46.79%,113606.4398,83000,36.88%,FALSE,40664.17114,32000,27.08%
4/6/2021,14683.5,0.312,1205.29,20.53%,75543.7,57000,32.53%,78040.13658,53000,47.25%,113961.1252,83000,37.30%,FALSE,40791.04335,32000,27.47%
4/7/2021,14819.05,0.923,1216.42,21.64%,76241.1,57000,33.76%,78760.56022,53000,48.60%,115013.1517,83000,38.57%,FALSE,41167.54468,32000,28.65%
4/8/2021,14873.8,0.369,1220.92,22.09%,76522.8,57000,34.25%,79051.54653,53000,49.15%,115438.0757,83000,39.08%,FALSE,41319.45292,32000,29.12%
4/9/2021,14834.85,-0.262,1217.72,21.77%,76322.4,57000,33.90%,78844.53435,53000,48.76%,115135.7781,83000,38.72%,FALSE,41211.19595,32000,28.78%
4/12/2021,14310.8,-3.533,1174.7,17.47%,74626.2,58000,28.67%,78059.30375,55000,41.93%,113068.5375,85000,33.02%,FALSE,39755.2044,32000,24.24%
4/13/2021,14504.8,1.356,1190.63,19.06%,75637.9,58000,30.41%,79117.49092,55000,43.85%,114601.3167,85000,34.83%,FALSE,40294.28497,32000,25.92%
4/15/2021,14581.45,0.528,1196.92,19.69%,76037.6,58000,31.10%,79535.58394,55000,44.61%,115206.9225,85000,35.54%,FALSE,40507.0388,32000,26.58%
4/16/2021,14617.85,0.25,1199.91,19.99%,76227.4,58000,31.43%,79734.1304,55000,44.97%,115494.5161,85000,35.88%,FALSE,40608.3064,32000,26.90%
4/19/2021,14359.45,-1.768,1178.69,17.87%,75879.9,59000,28.61%,78324.66873,55000,42.41%,114452.9174,86000,33.08%,FALSE,39890.35154,32000,24.66%
4/20/2021,14296.4,-0.439,1173.52,17.35%,75546.8,59000,28.05%,77980.7579,55000,41.78%,113950.3734,86000,32.50%,FALSE,39715.23289,32000,24.11%
4/22/2021,14406.15,0.768,1182.53,18.25%,76126.7,59000,29.03%,78579.39729,55000,42.87%,114825.1428,86000,33.52%,FALSE,40020.24588,32000,25.06%
4/23/2021,14341.35,-0.45,1177.21,17.72%,75784.3,59000,28.45%,78225.94096,55000,42.23%,114308.6502,86000,32.92%,FALSE,39840.15478,32000,24.50%
4/26/2021,14485,1.002,1189,18.90%,76543.4,59000,29.73%,79009.49037,55000,43.65%,115453.6218,86000,34.25%,FALSE,40239.35313,32000,25.75%
4/27/2021,14653.05,1.16,1202.79,20.28%,77431.4,59000,31.24%,79926.13137,55000,45.32%,116793.0751,86000,35.81%,FALSE,40706.12962,32000,27.21%
4/28/2021,14864.55,1.443,1220.16,22.02%,78549,59000,33.13%,81079.77357,55000,47.42%,118478.8494,86000,37.77%,FALSE,41293.51907,32000,29.04%
4/29/2021,14894.9,0.204,1222.65,22.27%,78709.4,59000,33.41%,81245.31986,55000,47.72%,118720.756,86000,38.05%,FALSE,41377.75785,32000,29.31%
4/30/2021,14631.1,-1.771,1200.99,20.10%,78315.4,60000,30.53%,79806.40349,55000,45.10%,117618.1212,87000,35.19%,FALSE,40644.95776,32000,27.02%
5/3/2021,14634.15,0.021,1201.24,20.12%,78331.7,60000,30.55%,79823.03994,55000,45.13%,117642.6399,87000,35.22%,TRUE,42653.4932,34000,25.45%
5/4/2021,14496.5,-0.941,1189.94,18.99%,77594.9,60000,29.32%,79072.21796,55000,43.77%,116536.0837,87000,33.95%,FALSE,42252.12383,34000,24.27%
5/5/2021,14617.85,0.837,1199.91,19.99%,78244.5,60000,30.41%,79734.1304,55000,44.97%,117511.6056,87000,35.07%,FALSE,42605.77411,34000,25.31%
5/6/2021,14724.8,0.732,1208.68,20.87%,78817,60000,31.36%,80317.49699,55000,46.03%,118371.3672,87000,36.06%,FALSE,42917.64838,34000,26.23%
5/7/2021,14823.15,0.668,1216.76,21.68%,79343.4,60000,32.24%,80853.95424,55000,47.01%,119161.9942,87000,36.97%,FALSE,43204.33827,34000,27.07%
5/10/2021,14942.35,0.804,1226.54,22.65%,79981.4,60000,33.30%,81504.13935,55000,48.19%,120120.2325,87000,38.07%,FALSE,43551.70115,34000,28.09%
5/11/2021,14850.75,-0.613,1219.02,21.90%,79491.1,60000,32.49%,81004.50046,55000,47.28%,119383.8682,87000,37.22%,FALSE,43284.72922,34000,27.31%
5/12/2021,14696.5,-1.039,1206.36,20.64%,79665.5,61000,30.60%,80163.13257,55000,45.75%,119143.866,88000,35.39%,FALSE,42835.00088,34000,25.99%
5/14/2021,14677.8,-0.127,1204.83,20.48%,79564.1,61000,30.43%,80061.13205,55000,45.57%,118992.266,88000,35.22%,FALSE,42780.60043,34000,25.83%
5/17/2021,14923.15,1.672,1224.97,22.50%,80894.1,61000,32.61%,81399.41155,55000,48.00%,120981.3074,88000,37.48%,FALSE,43495.89207,34000,27.93%
5/18/2021,15108.1,1.239,1240.15,24.02%,81896.6,61000,34.26%,82408.23483,55000,49.83%,122480.6888,88000,39.18%,FALSE,44034.80617,34000,29.51%
5/19/2021,15030.15,-0.516,1233.75,23.38%,81474.1,61000,33.56%,81983.05086,55000,49.06%,121848.7516,88000,38.46%,FALSE,43807.58657,34000,28.85%
5/20/2021,14906.05,-0.826,1223.56,22.36%,80801.4,61000,32.46%,81306.13835,55000,47.83%,120842.6785,88000,37.32%,FALSE,43445.73591,34000,27.78%
5/21/2021,15175.3,1.806,1245.66,24.57%,82260.9,61000,34.85%,82774.78214,55000,50.50%,123025.4761,88000,39.80%,FALSE,44230.3659,34000,30.09%
5/24/2021,15197.7,0.148,1247.5,24.75%,82382.3,61000,35.05%,82896.96457,55000,50.72%,123207.0719,88000,40.01%,FALSE,44295.82684,34000,30.28%
5/25/2021,15208.45,0.071,1248.38,24.84%,82440.6,61000,35.15%,82955.60123,55000,50.83%,123294.2217,88000,40.11%,FALSE,44327.27688,34000,30.37%
5/26/2021,15301.45,0.612,1256.02,25.60%,82944.7,61000,35.97%,83462.87652,55000,51.75%,124048.1685,88000,40.96%,FALSE,44598.55981,34000,31.17%
5/27/2021,15337.85,0.238,1259.01,25.90%,83142.1,61000,36.30%,83661.42298,55000,52.11%,124343.2617,88000,41.30%,FALSE,44704.70438,34000,31.48%
5/28/2021,15435.65,0.638,1267.03,26.70%,83672.2,61000,37.17%,84194.88023,55000,53.08%,125136.1219,88000,42.20%,FALSE,44989.9204,34000,32.32%
5/31/2021,15582.8,0.953,1279.11,27.91%,84469.9,61000,38.48%,84997.52065,55000,54.54%,126329.0604,88000,43.56%,FALSE,45418.67434,34000,33.58%
6/1/2021,15574.85,-0.051,1278.46,27.85%,84426.8,61000,38.40%,84954.15679,55000,54.46%,126264.6101,88000,43.48%,TRUE,47395.51081,36000,31.65%
6/2/2021,15576.2,0.009,1278.57,27.86%,84434.1,61000,38.42%,84961.52046,55000,54.48%,126275.5544,88000,43.49%,FALSE,47399.77641,36000,31.67%
6/3/2021,15690.35,0.733,1287.94,28.79%,85052.9,61000,39.43%,85584.15998,55000,55.61%,127200.9634,88000,44.55%,FALSE,47747.21677,36000,32.63%
6/4/2021,15670.25,-0.128,1286.29,28.63%,84943.9,61000,39.25%,85474.52306,55000,55.41%,127038.0136,88000,44.36%,FALSE,47686.10033,36000,32.46%
6/7/2021,15751.65,0.519,1292.97,29.30%,85385.1,61000,39.98%,85918.5253,55000,56.22%,127697.9197,88000,45.11%,FALSE,47933.59119,36000,33.15%
6/8/2021,15740.1,-0.073,1292.03,29.20%,85322.5,61000,39.87%,85855.52498,55000,56.10%,127604.2844,88000,45.00%,FALSE,47898.59967,36000,33.05%
6/9/2021,15635.35,-0.665,1283.43,28.34%,84754.7,61000,38.94%,85284.15846,55000,55.06%,126755.0808,88000,44.04%,FALSE,47580.07399,36000,32.17%
6/10/2021,15737.75,0.655,1291.83,29.18%,85309.8,61000,39.85%,85842.70674,55000,56.08%,127585.2331,88000,44.98%,FALSE,47891.72347,36000,33.03%
6/11/2021,15799.35,0.391,1296.89,29.69%,85643.7,61000,40.40%,86178.70844,55000,56.69%,128084.6215,88000,45.55%,FALSE,48078.98011,36000,33.55%
6/14/2021,15811.85,0.079,1297.92,29.79%,85711.5,61000,40.51%,86246.8906,55000,56.81%,128185.9584,88000,45.67%,FALSE,48116.9625,36000,33.66%
6/15/2021,15869.25,0.363,1302.63,30.26%,86022.6,61000,41.02%,86559.98309,55000,57.38%,128651.2976,88000,46.19%,FALSE,48291.62708,36000,34.14%
6/16/2021,15767.55,-0.641,1294.28,29.43%,85471.3,61000,40.12%,86005.25301,55000,56.37%,127826.8203,88000,45.26%,FALSE,47982.07775,36000,33.28%
6/17/2021,15691.4,-0.483,1288.03,28.80%,85058.5,61000,39.44%,85589.88728,55000,55.62%,127209.4757,88000,44.56%,FALSE,47750.32431,36000,32.64%
6/18/2021,15683.35,-0.051,1287.37,28.74%,85014.9,61000,39.37%,85545.97797,55000,55.54%,127144.2147,88000,44.48%,FALSE,47725.97165,36000,32.57%
6/21/2021,15746.5,0.403,1292.55,29.26%,85357.2,61000,39.93%,85890.43425,55000,56.16%,127656.1689,88000,45.06%,FALSE,47918.30731,36000,33.11%
6/22/2021,15772.75,0.167,1294.71,29.47%,85499.5,61000,40.16%,86033.61679,55000,56.42%,127868.9765,88000,45.31%,FALSE,47998.33089,36000,33.33%
6/23/2021,15686.95,-0.544,1287.66,28.77%,85034.4,61000,39.40%,85565.61443,55000,55.57%,127173.3997,88000,44.52%,FALSE,47737.21997,36000,32.60%
6/24/2021,15790.45,0.66,1296.16,29.62%,85595.5,61000,40.32%,86130.16274,55000,56.60%,128012.4696,88000,45.47%,FALSE,48052.28562,36000,33.48%
6/25/2021,15860.35,0.443,1301.9,30.19%,85974.4,61000,40.94%,86511.43739,55000,57.29%,128579.1457,88000,46.11%,FALSE,48265.15724,36000,34.07%
6/28/2021,15814.7,-0.288,1298.15,29.82%,85726.9,61000,40.54%,86262.43613,55000,56.84%,128209.0632,88000,45.69%,FALSE,48126.15359,36000,33.68%
6/29/2021,15748.45,-0.419,1292.71,29.27%,85367.8,61000,39.95%,85901.07067,55000,56.18%,127671.9775,88000,45.08%,FALSE,47924.50501,36000,33.12%
6/30/2021,15721.5,-0.171,1290.5,29.05%,85221.7,61000,39.71%,85754.06993,55000,55.92%,127453.495,88000,44.83%,FALSE,47842.5541,36000,32.90%
7/1/2021,15680,-0.264,1287.09,28.71%,84996.7,61000,39.34%,85527.70515,55000,55.50%,127117.0564,88000,44.45%,TRUE,49716.24976,38000,30.83%
7/2/2021,15722.2,0.269,1290.56,29.06%,85225.5,61000,39.71%,85757.88813,55000,55.92%,127459.1699,88000,44.84%,FALSE,49849.98647,38000,31.18%
7/5/2021,15834.35,0.713,1299.76,29.98%,85833.4,61000,40.71%,86369.61849,55000,57.04%,128368.3649,88000,45.87%,FALSE,50205.41688,38000,32.12%
7/6/2021,15818.25,-0.102,1298.44,29.84%,85746.2,61000,40.57%,86281.79987,55000,56.88%,128237.8429,88000,45.72%,FALSE,50154.20735,38000,31.98%
7/7/2021,15879.65,0.388,1303.48,30.35%,86079,61000,41.11%,86616.71065,55000,57.48%,128735.61,88000,46.29%,FALSE,50348.80567,38000,32.50%
7/8/2021,15727.9,-0.956,1291.02,29.10%,85256.4,61000,39.76%,85788.97919,55000,55.98%,127505.3795,88000,44.89%,FALSE,49867.47109,38000,31.23%
7/9/2021,15689.8,-0.242,1287.9,28.79%,85049.9,61000,39.43%,85581.15996,55000,55.60%,127196.5046,88000,44.54%,FALSE,49746.79181,38000,30.91%
7/12/2021,15692.6,0.018,1288.13,28.81%,85065.1,61000,39.45%,85596.43277,55000,55.63%,127219.204,88000,44.57%,FALSE,49755.74623,38000,30.94%
7/13/2021,15812.35,0.763,1297.96,29.80%,85714.2,61000,40.52%,86249.61789,55000,56.82%,128190.0119,88000,45.67%,FALSE,50135.38258,38000,31.94%
7/14/2021,15853.95,0.263,1301.37,30.14%,85939.7,61000,40.88%,86476.52812,55000,57.23%,128527.2612,88000,46.05%,FALSE,50267.23863,38000,32.28%
7/15/2021,15924.2,0.443,1307.14,30.71%,86320.5,61000,41.51%,86859.71188,55000,57.93%,129096.7748,88000,46.70%,FALSE,50489.9225,38000,32.87%
7/16/2021,15923.4,-0.005,1307.07,30.71%,86316.2,61000,41.50%,86855.34822,55000,57.92%,129090.2893,88000,46.69%,FALSE,50487.39801,38000,32.86%
7/19/2021,15752.4,-1.074,1293.04,29.30%,86389.2,62000,39.34%,85922.61623,55000,56.22%,128703.9999,89000,44.61%,FALSE,49945.16335,38000,31.43%
7/20/2021,15632.1,-0.764,1283.16,28.32%,85729.5,62000,38.27%,85266.4311,55000,55.03%,127721.0963,89000,43.51%,FALSE,49563.5823,38000,30.43%
7/22/2021,15824.05,1.228,1298.92,29.89%,86782.2,62000,39.97%,86313.43639,55000,56.93%,129289.4118,89000,45.27%,FALSE,50172.22309,38000,32.03%
7/23/2021,15856.05,0.202,1301.54,30.15%,86957.6,62000,40.25%,86487.98273,55000,57.25%,129550.8658,89000,45.56%,FALSE,50273.57098,38000,32.30%
7/26/2021,15824.45,-0.199,1298.95,29.90%,86784.3,62000,39.97%,86315.61822,55000,56.94%,129292.68,89000,45.27%,FALSE,50173.52658,38000,32.04%
7/27/2021,15746.45,-0.493,1292.55,29.26%,86356.6,62000,39.28%,85890.16152,55000,56.16%,128655.3858,89000,44.56%,FALSE,49926.17109,38000,31.38%
7/28/2021,15709.4,-0.235,1289.51,28.95%,86153.4,62000,38.96%,85688.06959,55000,55.80%,128352.6711,89000,44.22%,FALSE,49808.84459,38000,31.08%
7/29/2021,15778.45,0.44,1295.17,29.52%,86532.1,62000,39.57%,86064.70786,55000,56.48%,128916.8398,89000,44.85%,FALSE,50028.00351,38000,31.65%
7/30/2021,15763.05,-0.098,1293.91,29.39%,86447.6,62000,39.43%,85980.70744,55000,56.33%,128791.0151,89000,44.71%,FALSE,49978.97606,38000,31.52%
8/2/2021,15885.15,0.775,1303.93,30.39%,87117.2,62000,40.51%,86646.7108,55000,57.54%,129788.6255,89000,45.83%,TRUE,52366.31313,40000,30.92%
8/3/2021,16130.75,1.546,1324.09,32.41%,88464.2,62000,42.68%,87986.35394,55000,59.98%,131795.285,89000,48.08%,FALSE,53175.89633,40000,32.94%
8/4/2021,16258.8,0.794,1334.6,33.46%,89166.4,62000,43.82%,88684.81202,55000,61.25%,132841.5095,89000,49.26%,FALSE,53598.11294,40000,34.00%
8/5/2021,16294.6,0.22,1337.54,33.75%,89362.7,62000,44.13%,88880.08573,55000,61.60%,133134.0112,89000,49.59%,FALSE,53716.02879,40000,34.29%
8/6/2021,16238.2,-0.346,1332.91,33.29%,89053.4,62000,43.63%,88572.44781,55000,61.04%,132673.1985,89000,49.07%,FALSE,53530.17133,40000,33.83%
8/9/2021,16258.25,0.123,1334.56,33.46%,89163.4,62000,43.81%,88681.812,55000,61.24%,132837.0158,89000,49.26%,FALSE,53596.01344,40000,33.99%
8/10/2021,16280.1,0.134,1336.35,33.64%,89283.2,62000,44.01%,88800.99442,55000,61.46%,133015.5398,89000,49.46%,FALSE,53667.8321,40000,34.17%
8/11/2021,16282.25,0.013,1336.53,33.65%,89295,62000,44.02%,88812.72175,55000,61.48%,133033.1063,89000,49.48%,FALSE,53674.80892,40000,34.19%
8/12/2021,16364.4,0.505,1343.27,34.33%,89745.5,62000,44.75%,89260.81493,55000,62.29%,133704.3077,89000,50.23%,FALSE,53945.86671,40000,34.86%
8/13/2021,16529.1,1.006,1356.79,35.68%,90648.8,62000,46.21%,90159.18311,55000,63.93%,135049.9788,89000,51.74%,FALSE,54488.56212,40000,36.22%
8/16/2021,16563.05,0.205,1359.58,35.96%,90835,62000,46.51%,90344.36586,55000,64.26%,135327.3651,89000,52.05%,FALSE,54600.26368,40000,36.50%
8/17/2021,16614.6,0.311,1363.81,36.38%,91117.7,62000,46.96%,90625.5491,55000,64.77%,135748.5512,89000,52.53%,FALSE,54770.0705,40000,36.93%
8/18/2021,16568.85,-0.275,1360.05,36.01%,90866.8,62000,46.56%,90376.00239,55000,64.32%,135374.7537,89000,52.11%,FALSE,54619.4528,40000,36.55%
8/20/2021,16450.5,-0.714,1350.34,35.03%,90217.7,62000,45.51%,89730.45367,55000,63.15%,134407.7824,89000,51.02%,FALSE,54229.46991,40000,35.57%
8/23/2021,16496.45,0.279,1354.11,35.41%,90469.7,62000,45.92%,89981.0913,55000,63.60%,134783.214,89000,51.44%,FALSE,54380.77013,40000,35.95%
8/24/2021,16624.6,0.777,1364.63,36.46%,91172.5,62000,47.05%,90680.09483,55000,64.87%,135830.2555,89000,52.62%,FALSE,54803.30872,40000,37.01%
8/25/2021,16634.65,0.06,1365.45,36.55%,91227.6,62000,47.14%,90734.91329,55000,64.97%,135912.3684,89000,52.71%,FALSE,54836.1907,40000,37.09%
8/26/2021,16636.9,0.014,1365.64,36.56%,91240,62000,47.16%,90747.18608,55000,64.99%,135930.7519,89000,52.73%,FALSE,54843.86777,40000,37.11%
8/27/2021,16705.2,0.411,1371.25,37.13%,91614.5,62000,47.77%,91119.73342,55000,65.67%,136488.7928,89000,53.36%,FALSE,55069.27606,40000,37.67%
8/30/2021,16931.05,1.352,1389.78,38.98%,92853.2,62000,49.76%,92351.64874,55000,67.91%,138334.0861,89000,55.43%,FALSE,55813.81268,40000,39.53%
8/31/2021,17132.2,1.188,1406.3,40.63%,93956.3,62000,51.54%,93448.8361,55000,69.91%,139977.5696,89000,57.28%,FALSE,56476.88077,40000,41.19%
9/1/2021,17076.25,-0.327,1401.7,40.17%,93649.5,62000,51.05%,93143.65274,55000,69.35%,139520.4336,89000,56.76%,TRUE,58292.20137,42000,38.79%
9/2/2021,17234.15,0.925,1414.66,41.47%,94515.4,62000,52.44%,94004.92982,55000,70.92%,140810.5457,89000,58.21%,FALSE,58831.40423,42000,40.07%
9/3/2021,17323.6,0.519,1422.01,42.20%,95006,62000,53.24%,94492.84138,55000,71.81%,141541.3914,89000,59.04%,FALSE,59136.73922,42000,40.80%
9/6/2021,17377.8,0.313,1426.46,42.65%,95303.2,62000,53.71%,94788.47924,55000,72.34%,141984.2291,89000,59.53%,FALSE,59321.83722,42000,41.24%
9/7/2021,17362.1,-0.09,1425.17,42.52%,95217.1,62000,53.58%,94702.84244,55000,72.19%,141855.9532,89000,59.39%,FALSE,59268.44756,42000,41.12%
9/8/2021,17353.5,-0.05,1424.46,42.45%,95170,62000,53.50%,94655.93312,55000,72.10%,141785.6875,89000,59.31%,FALSE,59238.81334,42000,41.04%
9/9/2021,17369.25,0.091,1425.75,42.58%,95256.3,62000,53.64%,94741.84264,55000,72.26%,141914.3718,89000,59.45%,FALSE,59292.72066,42000,41.17%
9/13/2021,17355.3,-0.08,1424.61,42.46%,95179.8,62000,53.52%,94665.75135,55000,72.12%,141800.3942,89000,59.33%,FALSE,59245.28648,42000,41.06%
9/14/2021,17380,0.142,1426.64,42.66%,95315.3,62000,53.73%,94800.4793,55000,72.36%,142002.204,89000,59.55%,FALSE,59329.41479,42000,41.26%
9/15/2021,17519.45,0.802,1438.08,43.81%,96080.1,62000,54.97%,95561.11951,55000,73.75%,143141.5716,89000,60.83%,FALSE,59805.23669,42000,42.39%
9/16/2021,17629.5,0.628,1447.12,44.71%,96683.6,62000,55.94%,96161.39527,55000,74.84%,144040.7282,89000,61.84%,FALSE,60180.81358,42000,43.29%
9/17/2021,17585.15,-0.252,1443.48,44.35%,96440.4,62000,55.55%,95919.48496,55000,74.40%,143678.3693,89000,61.44%,FALSE,60029.15793,42000,42.93%
9/20/2021,17396.9,-1.071,1428.02,42.80%,96408,63000,53.03%,94892.66158,55000,72.53%,143140.2844,90000,59.04%,FALSE,59386.24565,42000,41.40%
9/21/2021,17562,0.949,1441.58,44.16%,97322.9,63000,54.48%,95793.21159,55000,74.17%,144498.7139,90000,60.55%,FALSE,59949.82112,42000,42.74%
9/22/2021,17546.65,-0.087,1440.32,44.03%,97237.8,63000,54.35%,95709.4839,55000,74.02%,144372.4153,90000,60.41%,FALSE,59897.66478,42000,42.61%
9/23/2021,17822.95,1.575,1463,46.30%,98769,63000,56.78%,97216.58243,55000,76.76%,146645.7893,90000,62.94%,FALSE,60841.053,42000,44.86%
9/24/2021,17853.2,0.17,1465.48,46.55%,98936.6,63000,57.04%,97381.58326,55000,77.06%,146894.6839,90000,63.22%,FALSE,60944.48279,42000,45.11%
9/27/2021,17855.1,0.011,1465.64,46.56%,98947.2,63000,57.06%,97391.94695,55000,77.08%,146910.3169,90000,63.23%,FALSE,60951.18668,42000,45.12%
9/28/2021,17748.6,-0.596,1456.89,45.69%,98357,63000,56.12%,96811.03492,55000,76.02%,146034.0436,90000,62.26%,FALSE,60587.91761,42000,44.26%
9/29/2021,17711.3,-0.21,1453.83,45.38%,98150.3,63000,55.79%,96607.57935,55000,75.65%,145727.1422,90000,61.92%,FALSE,60460.68298,42000,43.95%
9/30/2021,17618.15,-0.526,1446.19,44.62%,97634.1,63000,54.97%,96099.48587,55000,74.73%,144960.7115,90000,61.07%,FALSE,60142.65979,42000,43.20%
10/1/2021,17532.05,-0.489,1439.12,43.91%,97156.9,63000,54.22%,95629.84713,55000,73.87%,144252.2877,90000,60.28%,TRUE,61848.56218,44000,40.56%
10/4/2021,17691.25,0.908,1452.19,45.22%,98039.2,63000,55.62%,96498.21516,55000,75.45%,145562.1724,90000,61.74%,FALSE,62410.14713,44000,41.84%
10/5/2021,17822.3,0.741,1462.94,46.29%,98765.4,63000,56.77%,97213.03695,55000,76.75%,146640.4412,90000,62.93%,FALSE,62872.60632,44000,42.89%
10/6/2021,17646,-0.989,1448.47,44.85%,97788.4,63000,55.22%,96251.39573,55000,75.00%,145189.8591,90000,61.32%,FALSE,62250.79624,44000,41.48%
10/7/2021,17790.35,0.818,1460.32,46.03%,98588.3,63000,56.49%,97038.76334,55000,76.43%,146377.5592,90000,62.64%,FALSE,62760.00775,44000,42.64%
10/8/2021,17895.2,0.589,1468.93,46.89%,99169.4,63000,57.41%,97610.67533,55000,77.47%,147240.2565,90000,63.60%,FALSE,63129.6642,44000,43.48%
10/11/2021,17945.95,0.284,1473.09,47.31%,99450.6,63000,57.86%,97887.49491,55000,77.98%,147657.8234,90000,64.06%,FALSE,63308.95245,44000,43.88%
10/12/2021,17991.95,0.256,1476.87,47.69%,99705.5,63000,58.26%,98138.40527,55000,78.43%,148036.3077,90000,64.48%,FALSE,63471.02336,44000,44.25%
10/13/2021,18161.75,0.944,1490.81,49.08%,100646.5,63000,59.76%,99064.59177,55000,80.12%,149433.4083,90000,66.04%,FALSE,64070.18982,44000,45.61%
10/14/2021,18338.55,0.973,1505.32,50.53%,101626.3,63000,61.31%,100028.9603,55000,81.87%,150888.1044,90000,67.65%,FALSE,64693.59277,44000,47.03%
10/18/2021,18477.05,0.755,1516.69,51.67%,102393.8,63000,62.53%,100784.4186,55000,83.24%,152027.6712,90000,68.92%,FALSE,65182.0294,44000,48.14%
10/19/2021,18418.75,-0.316,1511.9,51.19%,102070.7,63000,62.02%,100466.417,55000,82.67%,151547.9835,90000,68.39%,FALSE,64976.05418,44000,47.67%
10/20/2021,18266.6,-0.826,1499.41,49.94%,101227.6,63000,60.68%,99636.50375,55000,81.16%,150296.1056,90000,67.00%,FALSE,64439.35198,44000,46.45%
10/21/2021,18178.1,-0.484,1492.15,49.22%,100737.1,63000,59.90%,99153.77404,55000,80.28%,149567.9348,90000,66.19%,FALSE,64127.46551,44000,45.74%
10/22/2021,18114.9,-0.348,1486.96,48.70%,100386.9,63000,59.34%,98809.04502,55000,79.65%,149047.9303,90000,65.61%,FALSE,63904.30193,44000,45.24%
10/25/2021,18125.4,0.058,1487.82,48.78%,100445.1,63000,59.44%,98866.31804,55000,79.76%,149134.3234,90000,65.70%,FALSE,63941.36643,44000,45.32%
10/26/2021,18268.4,0.789,1499.56,49.96%,101237.5,63000,60.69%,99646.32198,55000,81.18%,150310.9159,90000,67.01%,FALSE,64445.86381,44000,46.47%
10/27/2021,18210.95,-0.314,1494.85,49.49%,100919.2,63000,60.19%,99332.95676,55000,80.61%,149838.2219,90000,66.49%,FALSE,64243.5038,44000,46.01%
10/28/2021,17857.25,-1.942,1465.81,46.58%,99959.1,64000,56.19%,97403.67428,55000,77.10%,147928.007,91000,62.56%,FALSE,62995.89495,44000,43.17%
10/29/2021,17671.65,-1.039,1450.58,45.06%,99920.1,65000,53.72%,96391.30553,55000,75.26%,147390.5117,92000,60.21%,FALSE,62341.3676,44000,41.68%
11/1/2021,17929.65,1.46,1471.75,47.18%,101378.9,65000,55.97%,97798.58537,55000,77.82%,149542.3623,92000,62.55%,TRUE,65251.55157,46000,41.85%
11/2/2021,17888.95,-0.227,1468.41,46.84%,101148.8,65000,55.61%,97576.58425,55000,77.41%,149202.9037,92000,62.18%,FALSE,65103.43055,46000,41.53%
11/3/2021,17829.2,-0.334,1463.51,46.35%,100811,65000,55.09%,97250.67351,55000,76.82%,148704.5585,92000,61.64%,FALSE,64885.98509,46000,41.06%
11/4/2021,17916.8,0.491,1470.7,47.07%,101306.3,65000,55.86%,97728.4941,55000,77.69%,149435.1868,92000,62.43%,FALSE,65204.57528,46000,41.75%
11/8/2021,18068.55,0.847,1483.16,48.32%,102164.3,65000,57.18%,98556.22556,55000,79.19%,150700.8587,92000,63.81%,FALSE,65756.85803,46000,42.95%
11/9/2021,18044.25,-0.134,1481.16,48.12%,102026.9,65000,56.96%,98423.67944,55000,78.95%,150498.1844,92000,63.58%,FALSE,65668.74384,46000,42.76%
11/10/2021,18017.2,-0.15,1478.94,47.89%,101874,65000,56.73%,98276.13324,55000,78.68%,150272.5737,92000,63.34%,FALSE,65570.24072,46000,42.54%
11/11/2021,17873.6,-0.797,1467.15,46.72%,101062,65000,55.48%,97492.85655,55000,77.26%,149074.8769,92000,62.04%,FALSE,65047.64591,46000,41.41%
11/12/2021,18102.75,1.282,1485.96,48.60%,102357.7,65000,57.47%,98742.77196,55000,79.53%,150986.104,92000,64.12%,FALSE,65881.55673,46000,43.22%
11/15/2021,18109.45,0.037,1486.51,48.65%,102395.6,65000,57.53%,98779.3176,55000,79.60%,151041.9854,92000,64.18%,FALSE,65905.9329,46000,43.27%
11/16/2021,17999.2,-0.609,1477.46,47.75%,101772.2,65000,56.57%,98177.95092,55000,78.51%,150122.4446,92000,63.18%,FALSE,65504.56577,46000,42.40%
11/17/2021,17898.65,-0.559,1469.21,46.92%,101203.7,65000,55.70%,97629.4936,55000,77.51%,149283.8066,92000,62.27%,FALSE,65138.39525,46000,41.61%
11/18/2021,17764.8,-0.748,1458.22,45.82%,100446.8,65000,54.53%,96899.399,55000,76.18%,148167.4298,92000,61.05%,FALSE,64651.16005,46000,40.55%
11/22/2021,17416.55,-1.96,1429.64,42.96%,99477.7,66000,50.72%,94999.84394,55000,72.73%,146262.8484,93000,57.27%,FALSE,63383.99732,46000,37.79%
11/23/2021,17503.35,0.498,1436.76,43.68%,99973.5,66000,51.48%,95473.30088,55000,73.59%,146991.7882,93000,58.06%,FALSE,63699.64962,46000,38.48%
11/24/2021,17415.05,-0.504,1429.51,42.95%,99469.2,66000,50.71%,94991.66209,55000,72.71%,146250.2516,93000,57.26%,FALSE,63378.60339,46000,37.78%
11/25/2021,17536.25,0.696,1439.46,43.95%,100161.4,66000,51.76%,95652.75634,55000,73.91%,147268.0798,93000,58.35%,FALSE,63819.71847,46000,38.74%
11/26/2021,17026.45,-2.907,1397.62,39.76%,98249.6,67000,46.64%,94872.015,57000,66.44%,144986.8186,95000,52.62%,FALSE,61964.47925,46000,34.71%
11/29/2021,17053.95,0.162,1399.87,39.99%,98408.3,67000,46.88%,95025.24603,57000,66.71%,145220.9918,95000,52.86%,FALSE,62064.86171,46000,34.92%
11/30/2021,16983.2,-0.415,1394.07,39.41%,98000,67000,46.27%,94631.02439,57000,66.02%,144618.5281,95000,52.23%,FALSE,61807.29253,46000,34.36%
12/1/2021,17166.9,1.082,1409.14,40.91%,99060.1,67000,47.85%,95654.60765,57000,67.82%,146182.8048,95000,53.88%,TRUE,64476.04744,48000,34.33%
12/2/2021,17401.65,1.367,1428.41,42.84%,100414.7,67000,49.87%,96962.64341,57000,70.11%,148181.792,95000,55.98%,FALSE,65357.43501,48000,36.16%
12/3/2021,17196.7,-1.178,1411.59,41.16%,100232,68000,47.40%,95820.65436,57000,68.11%,147436.5633,96000,53.58%,FALSE,64587.52442,48000,34.56%
12/6/2021,16912.25,-1.654,1388.24,38.82%,99574.1,69000,44.31%,94235.68834,57000,65.33%,145997.8204,97000,50.51%,FALSE,63519.24677,48000,32.33%
12/7/2021,17176.7,1.564,1409.95,41.00%,101131.1,69000,46.57%,95709.21361,57000,67.91%,148280.7292,97000,52.87%,FALSE,64512.68779,48000,34.40%
12/8/2021,17469.75,1.706,1434,43.40%,102856.5,69000,49.07%,97342.09915,57000,70.78%,150810.5322,97000,55.47%,FALSE,65613.27424,48000,36.69%
12/9/2021,17516.85,0.27,1437.87,43.79%,103133.8,69000,49.47%,97604.54211,57000,71.24%,151217.1308,97000,55.89%,FALSE,65790.43008,48000,37.06%
12/10/2021,17511.3,-0.032,1437.41,43.74%,103101.1,69000,49.42%,97573.6173,57000,71.18%,151169.2195,97000,55.84%,FALSE,65769.37714,48000,37.02%
12/13/2021,17368.25,-0.817,1425.67,42.57%,102258.9,69000,48.20%,96776.53736,57000,69.78%,149934.3165,97000,54.57%,FALSE,65232.04133,48000,35.90%
12/14/2021,17324.9,-0.25,1422.11,42.21%,102003.7,69000,47.83%,96534.98955,57000,69.36%,149560.0904,97000,54.19%,FALSE,65068.96123,48000,35.56%
12/15/2021,17221.4,-0.597,1413.62,41.36%,101394.3,69000,46.95%,95958.28368,57000,68.35%,148666.6094,97000,53.26%,FALSE,64680.49953,48000,34.75%
12/16/2021,17248.4,0.157,1415.83,41.58%,101553.2,69000,47.18%,96108.72869,57000,68.61%,148899.6914,97000,53.50%,FALSE,64782.04791,48000,34.96%
12/17/2021,16985.2,-1.526,1394.23,39.42%,101003.6,70000,44.29%,94642.16847,57000,66.04%,147627.5735,98000,50.64%,FALSE,63793.47386,48000,32.90%
12/20/2021,16614.2,-2.184,1363.78,36.38%,99797.4,71000,40.56%,94574.94262,59000,60.30%,146403.0115,100000,46.40%,FALSE,62400.22439,48000,30.00%
12/21/2021,16770.85,0.943,1376.63,37.66%,100738.4,71000,41.89%,95466.65963,59000,61.81%,147783.3989,100000,47.78%,FALSE,62988.65851,48000,31.23%
12/22/2021,16955.45,1.101,1391.79,39.18%,101847.2,71000,43.45%,96517.47967,59000,63.59%,149410.0794,100000,49.41%,FALSE,63682.16364,48000,32.67%
12/23/2021,17072.6,0.691,1401.4,40.14%,102550.9,71000,44.44%,97184.34624,59000,64.72%,150442.3959,100000,50.44%,FALSE,64122.20739,48000,33.59%
12/24/2021,17003.75,-0.403,1395.75,39.58%,102137.4,71000,43.86%,96792.42338,59000,64.05%,149835.6952,100000,49.84%,FALSE,63863.79489,48000,33.05%
12/27/2021,17086.25,0.485,1402.52,40.25%,102632.9,71000,44.55%,97262.04772,59000,64.85%,150562.6786,100000,50.56%,FALSE,64173.5343,48000,33.69%
12/28/2021,17233.25,0.86,1414.59,41.46%,103515.9,71000,45.80%,98098.83292,59000,66.27%,151858.031,100000,51.86%,FALSE,64725.4267,48000,34.84%
12/29/2021,17213.6,-0.114,1412.98,41.30%,103397.9,71000,45.63%,97986.97694,59000,66.08%,151684.8767,100000,51.68%,FALSE,64651.63971,48000,34.69%
12/30/2021,17203.95,-0.056,1412.19,41.22%,103339.9,71000,45.55%,97932.04512,59000,65.99%,151599.8417,100000,51.60%,FALSE,64615.43479,48000,34.62%
12/31/2021,17354.05,0.872,1424.51,42.45%,104241.5,71000,46.82%,98786.4768,59000,67.43%,152922.511,100000,52.92%,FALSE,65178.88138,48000,35.79%
PERCENTAGE GAIN,42.45064642,,42.5,,46.8,,,67.4,,,52.9,,,,35.78933621,,
